key,sha256,bytes,content_type,fetched_at,origin,source_url
mospi/cpi/2026/2026-10-02/back-2013.json,c43ca82784ab843f40fb21c4e93bd70f18b3c4afcd873235337d386dc4c3d2b5,3176,application/json,2026-10-02T17:20:07Z,auto,https://api.mospi.gov.in/api/cpi/getCPIData?base_year=2024&series=Back&year=2013&state_code=1&sector_code=3&division_code=00&Format=JSON&limit=100
mospi/cpi/2026/2026-10-02/back-2014.json,76391cc000846a3556fc8130d79397aaf010258c9f7a4744bb2a74c7ca1d277d,3200,application/json,2026-10-02T17:20:07Z,auto,https://api.mospi.gov.in/api/cpi/getCPIData?base_year=2024&series=Back&year=2014&state_code=1&sector_code=3&division_code=00&Format=JSON&limit=100
mospi/cpi/2026/2026-10-02/back-2015.json,c1f2486e1da9b015c81f0314456ae9d8420f024af17718da0efe14cfddccfef4,3200,application/json,2026-10-02T17:20:07Z,auto,https://api.mospi.gov.in/api/cpi/getCPIData?base_year=2024&series=Back&year=2015&state_code=1&sector_code=3&division_code=00&Format=JSON&limit=100
mospi/cpi/2026/2026-10-02/back-2016.json,cf241210292362f8cd159ff8305a92ed55be3bd506755718396b8895b599381e,3200,application/json,2026-10-02T17:20:07Z,auto,https://api.mospi.gov.in/api/cpi/getCPIData?base_year=2024&series=Back&year=2016&state_code=1&sector_code=3&division_code=00&Format=JSON&limit=100
mospi/cpi/2026/2026-10-02/back-2017.json,de20bb1ba6202eca65a87123c72312209aecc7e64ba6f6cc956f31c7d6aaa672,3200,application/json,2026-10-02T17:20:07Z,auto,https://api.mospi.gov.in/api/cpi/getCPIData?base_year=2024&series=Back&year=2017&state_code=1&sector_code=3&division_code=00&Format=JSON&limit=100
mospi/cpi/2026/2026-10-02/back-2018.json,469e134e8e65b8506e76724807fe94e9f87ad4a952f1fa433ef0e2abde8d2eab,3200,application/json,2026-10-02T17:20:07Z,auto,https://api.mospi.gov.in/api/cpi/getCPIData?base_year=2024&series=Back&year=2018&state_code=1&sector_code=3&division_code=00&Format=JSON&limit=100
mospi/cpi/2026/2026-10-02/back-2019.json,ba493d09310ed9e6af5829d1569f195227f4dc6e662ee30256013e18e6f53b9e,3200,application/json,2026-10-02T17:20:07Z,auto,https://api.mospi.gov.in/api/cpi/getCPIData?base_year=2024&series=Back&year=2019&state_code=1&sector_code=3&division_code=00&Format=JSON&limit=100
mospi/cpi/2026/2026-10-02/back-2020.json,428163a5bff07360bc94ea38ce6e44c691c17b71da30537ec6f8d57b8aec03f6,3200,application/json,2026-10-02T17:20:07Z,auto,https://api.mospi.gov.in/api/cpi/getCPIData?base_year=2024&series=Back&year=2020&state_code=1&sector_code=3&division_code=00&Format=JSON&limit=100
mospi/cpi/2026/2026-10-02/back-2021.json,7312e6602cfe819930554f5199848e12b363028038c8bd072a0ea4b7d41e7a85,3200,application/json,2026-10-02T17:20:07Z,auto,https://api.mospi.gov.in/api/cpi/getCPIData?base_year=2024&series=Back&year=2021&state_code=1&sector_code=3&division_code=00&Format=JSON&limit=100
mospi/cpi/2026/2026-10-02/back-2022.json,a1655ada604d6d3705745dbe2b523e2bb70a692c1e1fac15e7e9c5ff648143e5,3200,application/json,2026-10-02T17:20:07Z,auto,https://api.mospi.gov.in/api/cpi/getCPIData?base_year=2024&series=Back&year=2022&state_code=1&sector_code=3&division_code=00&Format=JSON&limit=100
mospi/cpi/2026/2026-10-02/back-2023.json,be0425fac295692480e409d98de35f8f2b2459ab5bd8d3a391d07d3fb646b79c,3200,application/json,2026-10-02T17:20:07Z,auto,https://api.mospi.gov.in/api/cpi/getCPIData?base_year=2024&series=Back&year=2023&state_code=1&sector_code=3&division_code=00&Format=JSON&limit=100
mospi/cpi/2026/2026-10-02/back-2024.json,63533269e08603bc97a056d93849ad01ebb6960e612388de67567444fce39857,3207,application/json,2026-10-02T17:20:07Z,auto,https://api.mospi.gov.in/api/cpi/getCPIData?base_year=2024&series=Back&year=2024&state_code=1&sector_code=3&division_code=00&Format=JSON&limit=100
mospi/cpi/2026/2026-10-02/current-2025.json,1f4dfb34417ab643dad0c548f2345a7b8b041968ffabe3368756eb7c6c7e2b7b,3224,application/json,2026-10-02T17:20:07Z,auto,https://api.mospi.gov.in/api/cpi/getCPIData?base_year=2024&series=Current&year=2025&state_code=1&sector_code=3&division_code=00&Format=JSON&limit=100
mospi/cpi/2026/2026-10-02/current-2026.json,7473b5e25853271150000feccb52e2bbb0f133653cd444a9a40d57d6f89031a0,2203,application/json,2026-10-02T17:20:07Z,auto,https://api.mospi.gov.in/api/cpi/getCPIData?base_year=2024&series=Current&year=2026&state_code=1&sector_code=3&division_code=00&Format=JSON&limit=100
