date,tt_buy,tt_sell
2020-01-06,71.65,72.50
2020-01-07,71.32,72.17
2020-01-08,71.6,72.45
2020-01-10,70.55,71.4
2020-01-13,70.45,71.3
2020-01-15,70.6,71.45
2020-01-17,70.58,71.43
2020-01-20,70.68,71.53
2020-01-21,70.77,71.62
2020-01-22,70.76,71.61
2020-01-23,70.82,71.67
2020-01-24,70.92,71.77
2020-01-27,71.05,71.9
2020-01-28,70.99,71.84
2020-01-29,70.83,71.68
2020-01-30,71,71.85
2020-01-31,71.06,71.91
2020-02-03,71.20,72.05
2020-02-04,70.85,71.70
2020-02-05,70.82,71.67
2020-02-06,70.85,71.70
2020-02-07,70.87,71.72
2020-02-10,71.00,71.85
2020-02-11,70.85,71.70
2020-02-12,70.82,71.67
2020-02-13,70.99,71.84
2020-02-14,70.90,71.75
2020-02-18,71.00,71.85
2020-02-20,71.35,72.20
2020-02-21,71.30,72.15
2020-02-24,71.50,72.35
2020-02-25,71.44,72.29
2020-02-26,71.30,72.15
2020-02-27,71.22,72.07
2020-02-28,71.70,72.55
2020-03-03,72.45,73.30
2020-03-04,72.90,73.75
2020-03-05,72.95,73.80
2020-03-06,73.50,74.35
2020-03-12,73.78,74.63
2020-03-13,73.70,74.55
2020-03-16,73.70,74.55
2020-03-17,73.76,74.61
2020-03-18,73.85,74.70
2020-03-19,74.60,75.45
2020-03-20,74.42,75.27
2020-03-23,75.65,76.50
2020-03-24,75.60,76.46
2020-03-26,75.05,75.90
2020-03-27,74.00,74.85
2020-03-30,75.05,75.90
2020-03-31,75.05,75.90
2020-04-13,75.90,76.75
2020-04-20,76.00,76.85
2020-04-29,75.30,76.15
2020-04-30,74.70,75.55
2020-05-12,75.25,76.10
2020-06-02,74.75,75.60
2020-06-03,74.70,75.55
2020-06-04,75.15,76.00
2020-06-05,75.00,75.85
2020-06-08,75.24,76.09
2020-06-09,75.10,75.95
2020-06-10,75.10,75.95
2020-06-11,75.35,76.20
2020-06-12,75.65,76.50
2020-06-16,75.70,76.55
2020-06-17,75.87,76.72
2020-06-18,75.75,76.60
2020-06-19,75.85,76.70
2020-06-22,75.80,76.65
2020-06-23,75.45,76.30
2020-06-24,75.24,76.09
2020-06-25,75.33,76.18
2020-06-26,75.13,75.98
2020-06-29,75.22,76.07
2020-06-30,75.08,75.93
2020-07-01,75.12,75.97
2020-07-02,74.40,75.25
2020-07-03,74.50,75.35
2020-07-08,74.60,75.45
2020-07-09,74.55,75.40
2020-07-10,74.72,75.57
2020-07-13,74.80,75.65
2020-07-14,74.87,75.72
2020-07-15,74.95,75.80
2020-07-16,74.80,75.65
2020-07-17,74.83,75.68
2020-07-20,74.55,75.40
2020-07-21,74.35,75.20
2020-07-22,74.20,75.05
2020-07-23,74.25,75.10
2020-07-24,74.52,75.37
2020-07-27,74.50,75.35
2020-07-28,74.45,75.30
2020-07-29,74.45,75.30
2020-07-30,74.42,75.27
2020-07-31,74.35,75.20
2020-08-03,74.50,75.35
2020-08-04,74.79,75.64
2020-08-05,74.55,75.40
2020-08-06,74.42,75.27
2020-08-10,74.55,75.40
2020-08-11,74.46,75.31
2020-08-12,74.35,75.20
2020-08-13,74.42,75.27
2020-08-14,74.45,75.30
2020-08-25,73.95,74.80
2020-08-26,73.90,74.75
2020-08-27,73.55,74.40
2020-08-28,73.00,73.85
2020-08-31,73.20,74.05
2020-09-01,72.65,73.50
2020-09-02,72.70,73.55
2020-09-03,73.00,73.85
2020-09-04,73.05,73.90
2020-09-07,72.75,73.60
2020-09-08,73.25,74.10
2020-09-09,73.25,74.10
2020-09-10,72.80,73.65
2020-09-11,73.10,73.95
2020-09-14,73.05,73.90
2020-09-15,73.00,73.85
2020-09-16,73.20,74.05
2020-09-17,73.30,74.15
2020-09-21,73.02,73.87
2020-09-22,73.10,73.95
2020-09-23,73.18,74.03
2020-09-24,73.40,74.25
2020-09-25,73.40,74.25
2020-09-28,73.28,74.13
2020-09-29,73.35,74.20
2020-09-30,73.40,74.25
2020-10-01,73.21,74.06
2020-10-05,72.77,73.62
2020-10-06,72.80,73.65
2020-10-07,73.13,73.98
2020-10-08,72.95,73.80
2020-10-09,72.77,73.62
2020-10-12,72.70,73.55
2020-10-14,73.00,73.85
2020-10-16,73.05,73.90
2020-10-22,73.30,74.15
2020-10-23,73.25,74.10
2020-10-26,73.37,74.22
2020-10-27,73.52,74.37
2020-10-28,73.30,74.15
2020-10-29,73.65,74.50
2020-11-03,73.95,74.80
2020-11-04,74.45,75.30
2020-11-05,73.85,74.70
2020-11-06,73.63,74.48
2020-11-09,73.55,74.40
2020-11-10,73.65,74.50
2020-11-12,74.25,75.10
2020-11-13,74.25,75.10
2020-11-17,74.05,74.90
2020-11-18,74.10,74.95
2020-11-19,73.90,74.75
2020-11-23,73.76,74.61
2020-11-24,73.55,74.40
2020-11-25,73.60,74.45
2020-11-26,73.43,74.28
2020-11-27,73.41,74.26
2020-12-01,73.58,74.43
2020-12-02,73.33,74.18
2020-12-03,73.40,74.25
2020-12-04,73.45,74.30
2020-12-07,73.40,74.25
2020-12-08,73.43,74.28
2020-12-09,73.23,74.08
2020-12-10,73.30,74.15
2020-12-11,73.25,74.10
2020-12-14,73.23,74.08
2020-12-15,73.23,74.08
2020-12-16,73.10,73.95
2020-12-17,73.15,74.00
2020-12-18,73.16,74.01
2020-12-21,73.55,74.40
2020-12-22,73.50,74.35
2020-12-23,73.50,74.35
2020-12-24,73.27,74.12
2020-12-28,73.10,73.95
2020-12-29,73.05,73.90
2020-12-30,72.97,73.82
2020-12-31,72.79,73.64
2021-01-06,72.80,73.65
2021-01-07,72.72,73.57
2021-01-08,72.98,73.83
2021-01-11,73.02,73.87
2021-01-12,73.01,73.86
2021-01-13,72.77,73.62
2021-01-14,72.79,73.64
2021-01-15,72.67,73.52
2021-01-18,72.81,73.66
2021-01-19,72.77,73.62
2021-01-20,72.70,73.55
2021-01-21,72.53,73.38
2021-01-22,72.63,73.48
2021-01-25,72.57,73.42
2021-01-27,72.48,73.33
2021-01-28,72.70,73.55
2021-01-29,72.58,73.43
2021-02-01,72.48,73.33
2021-02-02,72.68,73.53
2021-02-03,72.58,73.43
2021-02-04,72.52,73.37
2021-02-05,72.60,73.45
2021-02-10,72.48,73.33
2021-02-17,72.52,73.37
2021-02-18,72.30,73.15
2021-02-22,71.95,72.80
2021-02-23,72.00,72.85
2021-02-24,71.96,72.81
2021-02-25,71.93,72.78
2021-02-26,73.20,74.05
2021-03-01,73.26,74.11
2021-03-02,73.04,73.89
2021-03-03,72.65,73.50
2021-03-04,72.40,73.25
2021-03-05,72.50,73.35
2021-03-08,72.80,73.65
2021-03-09,72.60,73.45
2021-03-10,72.54,73.39
2021-03-12,72.32,73.17
2021-03-15,72.32,73.17
2021-03-16,72.09,72.94
2021-03-17,72.13,72.98
2021-03-18,72.03,72.88
2021-03-19,72.10,72.95
2021-03-23,71.95,72.80
2021-03-24,72.14,72.99
2021-03-25,72.25,73.10
2021-03-26,72.13,72.98
2021-03-30,72.90,73.75
2021-03-31,72.85,73.70
2021-04-07,73.35,74.20
2021-04-08,73.90,74.75
2021-04-09,74.35,75.20
2021-04-12,74.52,75.37
2021-04-15,74.85,75.70
2021-04-16,74.10,74.95
2021-04-19,74.28,75.13
2021-04-20,74.40,75.25
2021-04-22,74.90,75.75
2021-04-23,74.40,75.25
2021-04-26,74.40,75.25
2021-04-27,74.30,75.15
2021-04-28,74.15,75.00
2021-04-29,73.70,74.55
2021-04-30,73.75,74.60
2021-05-03,73.60,74.45
2021-05-04,73.52,74.37
2021-05-05,73.45,74.30
2021-05-07,73.20,74.05
2021-05-10,72.93,73.78
2021-05-11,73.08,73.93
2021-05-12,73.08,73.93
2021-05-14,73.04,73.89
2021-05-17,72.90,73.75
2021-05-18,72.60,73.45
2021-05-20,72.78,73.63
2021-05-21,72.62,73.47
2021-05-24,72.43,73.28
2021-05-25,72.45,73.30
2021-05-27,72.35,73.20
2021-05-28,72.13,72.98
2021-05-31,72.00,72.85
2021-06-02,72.85,73.70
2021-06-03,72.67,73.52
2021-06-04,72.65,73.50
2021-06-07,72.50,73.35
2021-06-08,72.40,73.25
2021-06-10,72.59,73.44
2021-06-11,72.55,73.40
2021-06-14,72.84,73.69
2021-06-15,72.80,73.65
2021-06-17,73.25,74.10
2021-06-21,73.85,74.70
2021-06-22,73.95,74.80
2021-06-23,73.95,74.80
2021-06-24,73.85,74.70
2021-06-25,73.77,74.62
2021-06-28,73.84,74.69
2021-06-29,73.85,74.70
2021-06-30,73.85,74.70
2021-07-01,74.00,74.85
2021-07-02,74.20,75.05
2021-07-05,74.10,74.95
2021-07-06,74.15,75.00
2021-07-08,74.40,75.25
2021-07-12,74.10,74.95
2021-07-14,74.15,75.00
2021-07-15,74.10,74.95
2021-07-19,74.35,75.20
2021-07-20,74.50,75.35
2021-07-22,74.05,74.90
2021-07-23,74.10,74.95
2021-07-26,74.08,74.93
2021-08-18,73.93,74.78
2021-08-20,73.97,74.82
2021-08-23,73.87,74.72
2021-08-24,73.73,74.58
2021-08-25,73.78,74.63
2021-08-26,73.82,74.67
2021-08-27,73.78,74.63
2021-08-31,72.85,73.70
2021-09-02,72.64,73.49
2021-09-03,72.68,73.53
2021-09-09,73.35,74.20
2021-09-13,73.22,74.07
2021-09-17,73.10,73.95
2021-09-20,73.40,74.25
2021-09-21,73.20,74.05
2021-09-22,73.30,74.15
2021-09-23,73.40,74.25
2021-09-27,73.32,74.17
2021-09-29,73.79,74.64
2021-09-30,73.85,74.70
2021-10-01,73.90,74.75
2021-10-04,73.76,74.61
2021-10-05,74.20,75.05
2021-10-06,74.18,75.03
2021-10-07,74.40,75.25
2021-10-08,74.15,75.65
2021-10-11,74.90,75.75
2021-10-12,74.80,75.65
2021-10-13,74.98,75.83
2021-10-14,74.88,75.73
2021-10-20,74.75,75.60
2021-10-21,74.48,75.33
2021-10-22,74.45,75.30
2021-10-25,74.55,75.40
2021-10-26,74.65,75.50
2021-10-27,74.60,75.45
2021-10-28,74.50,75.35
2021-10-29,74.40,75.25
2021-11-01,74.55,75.40
2021-11-02,74.45,75.30
2021-11-03,74.25,75.10
2021-11-08,73.65,74.50
2021-11-09,73.55,74.40
2021-11-10,73.75,74.60
2021-11-11,74.05,74.90
2021-11-12,73.98,74.83
2021-11-15,73.98,74.83
2021-11-16,74.05,74.90
2021-11-18,73.80,74.65
2021-11-22,73.92,74.77
2021-11-24,74.12,74.97
2021-11-26,74.20,75.05
2021-11-29,74.50,75.35
2021-12-01,74.58,75.43
2021-12-03,74.60,75.45
2021-12-06,74.80,75.65
2021-12-07,74.92,75.77
2021-12-08,74.95,75.80
2021-12-09,75.05,75.90
2021-12-10,75.20,76.05
2021-12-14,75.45,76.30
2021-12-16,75.85,76.70
2021-12-17,75.79,76.64
2021-12-20,75.71,76.56
2021-12-21,75.35,76.20
2021-12-22,75.15,76.00
2021-12-23,75.05,75.90
2021-12-24,74.72,75.57
2021-12-27,74.72,75.57
2021-12-29,74.35,75.20
2021-12-30,74.15,75.00
2021-12-31,74.05,74.90
2022-01-03,73.99,74.84
2022-01-05,74.18,75.03
2022-01-06,74.08,74.93
2022-01-07,74.00,74.85
2022-01-10,73.76,74.61
2022-01-11,73.55,74.40
2022-01-12,73.38,74.23
2022-01-13,73.5,74.35
2022-01-14,73.6,74.45
2022-01-17,73.78,74.63
2022-01-18,73.95,74.8
2022-01-19,74.25,75.1
2022-01-21,74.12,74.97
2022-01-24,74,74.85
2022-01-25,74.22,75.07
2022-01-31,74.30,75.15
2022-02-01,74.20,75.05
2022-02-03,74.45,75.30
2022-02-04,74.32,75.17
2022-02-07,74.30,75.15
2022-02-09,74.30,75.15
2022-02-10,74.47,75.32
2022-02-11,75.05,75.90
2022-02-14,75.15,76.00
2022-02-15,75.20,76.05
2022-02-17,74.75,75.60
2022-02-18,74.70,75.55
2022-02-21,74.15,75.00
2022-02-22,74.35,75.20
2022-02-23,74.25,75.10
2022-02-24,74.95,75.80
2022-02-25,74.52,76.02
2022-02-28,74.95,75.80
2022-03-02,75.40,76.25
2022-03-03,75.35,76.20
2022-03-04,75.65,76.50
2022-03-07,76.56,77.41
2022-03-08,76.45,77.30
2022-03-09,76.50,77.35
2022-03-10,75.90,76.75
2022-03-11,76.20,77.05
2022-03-14,76.25,77.10
2022-03-15,76.00,76.85
2022-03-16,76.00,76.85
2022-03-17,75.60,76.45
2022-03-21,75.68,76.53
2022-03-22,75.80,76.65
2022-03-23,75.62,76.47
2022-03-24,75.98,76.83
2022-03-25,75.80,76.65
2022-03-28,75.80,76.65
2022-03-29,75.58,76.43
2022-03-30,75.23,76.08
2022-03-31,75.32,76.17
2022-04-04,75.20,76.05
2022-04-05,75.10,75.95
2022-04-06,75.10,75.95
2022-04-07,75.51,76.36
2022-04-08,75.5,76.35
2022-04-11,75.55,76.4
2022-04-12,75.65,76.5
2022-04-13,75.77,76.62
2022-04-18,76,76.85
2022-04-19,75.9,76.75
2022-04-21,75.85,76.7
2022-04-22,75.9,76.75
2022-04-25,76.2,77.05
2022-04-26,76.25,77.1
2022-04-27,76.25,77.1
2022-04-28,76.2,77.05
2022-04-29,76,76.85
2022-05-04,76.05,76.9
2022-05-05,75.75,76.6
2022-05-06,76.23,77.08
2022-05-09,77,77.85
2022-05-11,76.8,77.65
2022-05-12,77.1,77.95
2022-05-13,76.95,77.8
2022-05-17,77.2,78.05
2022-05-18,77.17,78.02
2022-05-19,77.30,78.15
2022-05-20,77.10,77.95
2022-05-23,77.20,78.05
2022-05-24,77.15,78.00
2022-05-25,77.15,78.00
2022-05-26,77.15,78.00
2022-05-27,77.20,78.05
2022-05-30,77.13,77.98
2022-05-31,77.25,78.10
2022-06-02,77.20,78.05
2022-06-03,77.05,77.90
2022-06-06,77.25,78.10
2022-06-07,77.33,78.18
2022-06-08,77.30,78.15
2022-06-09,77.35,78.20
2022-06-10,77.40,78.25
2022-06-13,77.78,78.63
2022-06-14,77.61,78.46
2022-06-15,77.60,78.45
2022-06-16,77.65,78.50
2022-06-17,77.65,78.50
2022-06-20,77.58,78.43
2022-06-21,77.60,78.45
2022-06-22,77.72,78.57
2022-06-23,77.85,78.70
2022-06-24,77.83,78.68
2022-06-27,77.83,78.68
2022-06-28,78.25,79.10
2022-06-29,78.45,79.30
2022-06-30,78.50,79.35
2022-07-01,78.60,79.45
2022-07-04,78.55,79.40
2022-07-05,78.60,79.45
2022-07-06,78.85,79.70
2022-07-07,78.80,79.65
2022-07-08,78.90,79.75
2022-07-11,78.90,79.75
2022-07-12,79.15,80.00
2022-07-13,79.15,80.00
2022-07-14,79.35,80.20
2022-07-15,79.55,80.40
2022-07-18,79.40,80.25
2022-07-19,79.55,80.40
2022-07-20,79.54,80.39
2022-07-21,79.61,80.46
2022-07-22,79.48,80.33
2022-07-25,79.45,80.30
2022-07-26,79.33,80.18
2022-07-27,79.42,80.27
2022-07-29,78.85,79.70
2022-08-02,78.25,79.10
2022-08-03,78.55,79.40
2022-08-04,79.25,80.10
2022-08-05,78.85,79.70
2022-08-10,79.18,80.03
2022-08-11,79.05,79.90
2022-08-17,78.86,79.71
2022-08-18,79.20,80.05
2022-08-19,79.35,80.20
2022-08-22,79.45,80.30
2022-08-23,79.44,80.29
2022-08-24,79.45,80.30
2022-08-25,79.43,80.28
2022-08-26,79.45,80.30
2022-08-29,79.68,80.53
2022-08-30,79.10,79.95
2022-09-01,79.12,79.97
2022-09-02,79.23,80.08
2022-09-05,79.42,80.27
2022-09-06,79.40,80.25
2022-09-07,79.47,80.32
2022-09-09,79.26,80.11
2022-09-12,79.15,80.00
2022-09-13,78.90,79.75
2022-09-14,79.22,80.07
2022-09-15,79.10,79.95
2022-09-16,79.40,80.25
2022-09-19,79.27,80.12
2022-09-20,79.29,80.14
2022-09-21,79.41,80.26
2022-09-22,80.10,80.95
2022-09-23,80.50,81.35
2022-09-26,81.15,82.00
2022-09-27,81.09,81.94
2022-09-28,81.50,82.35
2022-09-29,81.40,82.25
2022-09-30,81.22,82.07
2022-10-01,81.20,82.05
2022-10-03,81.30,82.15
2022-10-04,81.25,82.10
2022-10-06,81.30,82.15
2022-10-07,82.00,82.85
2022-10-10,82.00,82.85
2022-10-11,82.00,82.85
2022-10-12,81.90,82.75
2022-10-13,81.90,82.75
2022-10-15,81.90,82.75
2022-10-17,81.93,82.78
2022-10-18,81.80,82.65
2022-10-19,82.50,83.35
2022-10-20,82.55,83.40
2022-10-21,82.25,83.10
2022-10-25,82.30,83.15
2022-10-27,81.90,82.75
2022-10-28,81.92,82.77
2022-10-29,81.95,82.80
2022-10-31,82.28,83.13
2022-11-01,82.33,83.18
2022-11-02,82.25,83.10
2022-11-03,82.50,83.35
2022-11-04,82.25,83.10
2022-11-05,81.70,82.55
2022-11-07,81.60,82.45
2022-11-09,80.90,81.75
2022-11-10,81.40,82.25
2022-11-11,80.48,81.33
2022-11-14,80.70,81.55
2022-11-15,80.70,81.55
2022-11-16,81.00,81.85
2022-11-17,81.08,81.93
2022-11-18,81.20,82.05
2022-11-19,81.20,82.05
2022-11-21,81.45,82.30
2022-11-22,81.35,82.20
2022-11-23,81.37,82.22
2022-11-24,81.30,82.15
2022-11-25,81.15,82.00
2022-11-28,81.28,82.13
2022-11-29,81.20,82.05
2022-11-30,81.24,82.09
2022-12-01,80.70,81.55
2022-12-02,80.74,81.59
2022-12-03,80.95,81.80
2022-12-05,81.30,82.15
2022-12-06,82.05,82.90
2022-12-07,82.30,83.15
2022-12-08,81.95,82.80
2022-12-09,81.90,82.75
2022-12-12,82.13,82.98
2022-12-13,82.25,83.10
2022-12-14,82.20,83.05
2022-12-15,82.22,83.07
2022-12-16,82.40,83.25
2022-12-17,82.30,83.15
2022-12-19,82.40,83.25
2022-12-20,82.27,83.12
2022-12-21,82.37,83.22
2022-12-22,82.37,83.22
2022-12-23,82.40,83.25
2022-12-26,82.37,83.22
2022-12-27,82.32,83.17
2022-12-28,82.44,83.29
2022-12-29,82.44,83.29
2022-12-30,82.36,83.21
2022-12-31,82.30,83.15
2023-01-02,82.25,83.10
2023-01-03,82.30,83.15
2023-01-04,82.35,83.20
2023-01-05,82.36,83.21
2023-01-06,82.15,83.00
2023-01-07,81.90,82.75
2023-01-09,81.90,82.75
2023-01-10,81.60,82.45
2023-01-11,81.26,82.11
2023-01-16,81.25,82.10
2023-01-17,81.38,82.23
2023-01-18,81.35,82.20
2023-01-19,80.97,81.82
2023-01-20,80.80,81.65
2023-01-23,81.00,81.85
2023-01-24,81.15,82
2023-01-25,81.20,82.05
2023-01-27,81.10,81.95
2023-01-30,81.25,82.10
2023-01-31,81.20,82.05
2023-02-01,81.38,82.23
2023-02-02,81.60,82.45
2023-02-03,81.40,82.25
2023-02-04,81.80,82.65
2023-02-06,82.25,83.10
2023-02-07,82.25,83.10
2023-02-09,82.18,83.03
2023-02-13,82.30,83.15
2023-02-15,82.50,83.35
2023-02-17,82.39,83.24
2023-02-20,82.30,83.15
2023-02-21,82.35,83.20
2023-02-22,82.42,83.27
2023-02-23,82.38,83.23
2023-02-24,82.28,83.13
2023-02-27,82.47,83.32
2023-02-28,82.30,83.15
2023-03-01,82.08,82.93
2023-03-02,82.17,83.02
2023-03-03,81.65,82.50
2023-03-04,81.40,82.25
2023-03-06,81.40,82.25
2023-03-08,81.65,82.50
2023-03-09,81.52,82.37
2023-03-10,81.73,82.58
2023-03-13,81.75,82.60
2023-03-14,81.86,82.71
2023-03-15,82.12,82.97
2023-03-16,82.37,83.22
2023-03-17,82.12,82.97
2023-03-20,82.25,83.10
2023-03-21,82.15,83.00
2023-03-23,81.75,82.60
2023-03-24,81.90,82.75
2023-03-27,81.96,82.81
2023-03-28,81.76,82.61
2023-03-29,81.85,82.70
2023-03-31,81.72,82.57
2023-04-03,82.00,82.90
2023-04-05,81.68,82.53
2023-04-06,81.54,82.39
2023-04-10,81.47,82.32
2023-04-11,81.56,82.41
2023-04-12,81.65,82.50
2023-04-13,81.60,82.45
2023-04-15,81.40,82.25
2023-04-17,81.49,82.34
2023-04-18,81.62,82.47
2023-04-19,81.70,82.55
2023-04-20,81.83,82.68
2023-04-21,81.72,82.57
2023-04-24,81.69,82.54
2023-04-25,81.48,82.33
2023-04-26,81.30,82.15
2023-04-27,81.31,82.16
2023-04-28,81.38,82.23
2023-04-29,81.35,82.20
2023-05-02,81.35,82.20
2023-05-03,81.38,82.23
2023-05-04,81.27,82.12
2023-05-06,81.30,82.15
2023-05-08,81.35,82.20
2023-05-09,81.70,82.55
2023-05-10,81.66,82.51
2023-05-11,81.56,82.41
2023-05-12,81.70,82.55
2023-05-15,81.82,82.67
2023-05-16,81.83,82.68
2023-05-17,81.90,82.75
2023-05-18,82.15,83.00
2023-05-19,82.31,83.16
2023-05-20,82.40,83.25
2023-05-22,82.39,83.24
2023-05-23,82.44,83.29
2023-05-24,82.43,83.28
2023-05-25,82.35,83.20
2023-05-26,82.33,83.18
2023-05-29,82.19,83.04
2023-05-30,82.26,83.11
2023-05-31,82.32,83.17
2023-06-01,82.10,82.95
2023-06-02,81.94,82.79
2023-06-03,81.98,82.83
2023-06-05,82.08,82.93
2023-06-06,82.16,83.01
2023-06-07,82.16,83.01
2023-06-08,82.21,83.06
2023-06-09,82.08,82.93
2023-06-12,82.05,82.90
2023-06-13,82.02,82.87
2023-06-14,81.90,82.75
2023-06-15,81.75,82.60
2023-06-16,81.59,82.44
2023-06-17,81.52,82.37
2023-06-19,81.54,82.39
2023-06-20,81.63,82.48
2023-06-21,81.72,82.57
2023-06-22,81.54,82.39
2023-06-23,81.67,82.52
2023-06-26,81.62,82.47
2023-06-28,81.6,82.45
2023-06-30,81.63,82.48
2023-07-01,81.69,82.54
2023-07-03,81.45,82.30
2023-07-04,81.52,82.37
2023-07-05,81.66,82.51
2023-07-06,81.95,82.80
2023-07-07,82.25,83.10
2023-07-10,82.25,83.10
2023-07-11,82.01,82.86
2023-07-12,81.88,82.73
2023-07-13,81.57,82.42
2023-07-14,81.54,82.39
2023-07-17,81.74,82.59
2023-07-18,81.60,82.45
2023-07-19,81.70,82.55
2023-07-20,81.62,82.47
2023-07-21,81.62,82.47
2023-07-24,81.62,82.47
2023-07-25,81.33,82.18
2023-07-26,81.49,82.34
2023-07-27,81.53,82.38
2023-07-28,81.85,82.70
2023-07-31,81.82,82.67
2023-08-01,81.92,82.77
2023-08-02,82.12,82.97
2023-08-03,82.30,83.15
2023-08-04,82.34,83.19
2023-08-05,82.30,83.15
2023-08-07,82.32,83.17
2023-08-08,82.40,83.25
2023-08-09,82.43,83.28
2023-08-10,82.41,83.26
2023-08-11,82.34,83.19
2023-08-14,82.62,83.47
2023-08-17,82.60,83.45
2023-08-18,82.63,83.48
2023-08-19,82.70,83.55
2023-08-21,82.65,83.50
2023-08-22,82.67,83.52
2023-08-23,82.40,83.25
2023-08-24,82.07,82.92
2023-08-25,82.22,83.07
2023-08-28,82.15,83.00
2023-08-30,82.26,83.11
2023-08-31,82.25,83.10
2023-09-01,82.18,83.03
2023-09-02,82.30,83.15
2023-09-04,82.28,83.13
2023-09-05,82.55,83.40
2023-09-06,82.62,83.47
2023-09-07,82.70,83.55
2023-09-08,82.60,83.45
2023-09-11,82.53,83.38
2023-09-12,82.55,83.40
2023-09-13,82.53,83.38
2023-09-14,82.58,83.43
2023-09-15,82.64,83.49
2023-09-16,82.70,83.55
2023-09-18,82.70,83.55
2023-09-20,82.81,83.66
2023-09-22,82.45,83.30
2023-09-25,82.65,83.50
2023-09-26,82.80,83.65
2023-09-27,82.80,83.65
2023-09-28,82.83,83.68
2023-09-30,82.75,83.60
2023-10-03,82.81,83.66
2023-10-04,82.82,83.67
2023-10-05,82.81,83.66
2023-10-06,82.82,83.67
2023-10-07,82.71,83.56
2023-10-09,82.82,83.67
2023-10-10,82.82,83.67
2023-10-11,82.79,83.67
2023-10-12,82.77,83.62
2023-10-13,82.84,83.69
2023-10-16,82.85,83.70
2023-10-17,82.83,83.68
2023-10-18,82.83,83.68
2023-10-19,82.86,83.71
2023-10-20,82.78,83.63
2023-10-21,82.75,83.60
2023-10-23,82.76,83.61
2023-10-25,82.68,83.53
2023-10-26,82.80,83.65
2023-10-27,82.83,83.68
2023-10-30,82.85,83.70
2023-10-31,82.86,83.71
2023-11-01,82.87,83.72
2023-11-02,82.83,83.68
2023-11-03,82.83,83.68
2023-11-04,82.78,83.63
2023-11-06,82.75,83.60
2023-11-07,82.83,83.68
2023-11-09,82.86,83.71
2023-11-10,82.88,83.73
2023-11-13,82.90,83.75
2023-11-15,82.67,83.52
2023-11-16,82.78,83.63
2023-11-17,82.82,83.67
2023-11-18,82.89,83.74
2023-11-20,82.87,83.72
2023-11-21,82.92,83.77
2023-11-22,82.91,83.76
2023-11-23,82.88,83.73
2023-11-24,82.94,83.79
2023-11-28,82.97,83.82
2023-11-29,82.92,83.77
2023-11-30,82.92,83.77
2023-12-01,82.88,83.73
2023-12-02,82.82,83.67
2023-12-04,82.87,83.72
2023-12-05,82.98,83.83
2023-12-06,82.95,83.80
2023-12-07,82.96,83.81
2023-12-08,82.95,83.80
2023-12-11,82.98,83.83
2023-12-12,82.97,83.82
2023-12-13,82.98,83.83
2023-12-14,82.90,83.75
2023-12-15,82.75,83.60
2023-12-16,82.65,83.50
2023-12-18,82.57,83.42
2023-12-19,82.78,83.63
2023-12-20,82.77,83.62
2023-12-21,82.78,83.63
2023-12-22,82.85,83.70
2023-12-26,82.77,83.62
2023-12-27,82.81,83.66
2023-12-28,82.88,83.73
2023-12-29,82.76,83.61
2023-12-30,82.78,83.63
2024-01-01,82.78,83.63
2024-01-02,82.86,83.71
2024-01-03,82.91,83.76
2024-01-04,82.84,83.69
2024-01-05,82.84,83.69
2024-01-06,82.74,83.59
2024-01-08,82.71,83.56
2024-01-09,82.66,83.51
2024-01-10,82.74,83.59
2024-01-11,82.66,83.51
2024-01-12,82.68,83.53
2024-01-15,82.43,83.28
2024-01-16,82.55,83.40
2024-01-17,82.73,83.58
2024-01-18,82.73,83.58
2024-01-19,82.75,83.60
2024-01-20,82.68,83.53
2024-01-23,82.73,83.58
2024-01-24,82.75,83.60
2024-01-25,82.73,83.58
2024-01-29,82.74,83.59
2024-01-30,82.74,83.59
2024-01-31,82.72,83.57
2024-02-01,82.63,83.48
2024-02-02,82.52,83.37
2024-02-03,82.60,83.45
2024-02-05,82.64,83.49
2024-02-06,82.64,83.49
2024-02-07,82.64,83.49
2024-02-08,82.56,83.41
2024-02-09,82.57,83.42
2024-02-12,82.63,83.48
2024-02-13,82.59,83.44
2024-02-14,82.70,83.55
2024-02-15,82.60,83.45
2024-02-16,82.63,83.48
2024-02-17,82.61,83.46
2024-02-20,82.62,83.47
2024-02-21,82.51,83.36
2024-02-22,82.54,83.39
2024-02-23,82.46,83.31
2024-02-26,82.49,83.34
2024-02-27,82.48,83.33
2024-02-28,82.50,83.35
2024-02-29,82.49,83.34
2024-03-01,82.47,83.32
2024-03-02,82.45,83.30
2024-03-04,82.46,83.31
2024-03-05,82.50,83.35
2024-03-06,82.51,83.36
2024-03-07,82.42,83.27
2024-03-11,82.32,83.17
2024-03-12,82.33,83.18
2024-03-13,82.42,83.27
2024-03-14,82.44,83.29
2024-03-15,82.55,83.40
2024-03-16,82.49,83.34
2024-03-18,82.45,83.30
2024-03-19,82.54,83.39
2024-03-20,82.61,83.46
2024-03-21,82.68,83.53
2024-03-22,82.88,83.73
2024-03-26,82.95,83.80
2024-03-27,82.93,83.78
2024-03-28,82.93,83.78
2024-03-30,82.95,83.80
2024-04-02,82.97,83.82
2024-04-03,82.97,83.82
2024-04-04,83.03,83.88
2024-04-05,83.04,83.89
2024-04-06,82.92,83.77
2024-04-08,82.87,83.72
2024-04-10,82.82,83.67
2024-04-12,82.96,83.81
2024-04-15,83.04,83.89
2024-04-16,83.10,83.95
2024-04-18,83.10,83.95
2024-04-19,83.17,84.02
2024-04-20,82.97,83.82
2024-04-22,83.01,83.86
2024-04-23,82.97,83.82
2024-04-24,82.90,83.75
2024-04-25,82.94,83.79
2024-04-26,82.90,83.75
2024-05-02,83.03,83.88
2024-05-03,82.99,83.84
2024-05-04,82.98,83.83
2024-05-07,83.08,83.93
2024-05-08,83.10,83.95
2024-05-09,83.09,83.94
2024-05-10,83.08,83.93
2024-05-13,83.11,83.96
2024-05-14,83.11,83.96
2024-05-15,83.09,83.94
2024-05-16,83.05,83.90
2024-05-17,83.10,83.95
2024-05-18,82.95,83.80
2024-05-21,82.91,83.76
2024-05-22,82.91,83.76
2024-05-24,82.85,83.70
2024-05-27,82.69,83.54
2024-05-28,82.74,83.59
2024-05-29,82.82,83.67
2024-05-30,83.02,83.87
2024-05-31,83.05,83.90
2024-06-01,83.00,83.85
2024-06-03,82.61,83.46
2024-06-04,83.15,84.00
2024-06-05,83.05,83.90
2024-06-06,83.00,83.85
2024-06-07,83.05,83.90
2024-06-10,83.09,83.94
2024-06-12,83.10,83.95
2024-06-13,83.13,83.98
2024-06-14,83.14,83.99
2024-06-15,83.15,84.00
2024-06-18,83.12,83.97
2024-06-19,82.98,83.83
2024-06-20,83.20,84.05
2024-06-21,83.19,84.04
2024-06-24,83.08,83.93
2024-06-25,83.09,83.94
2024-06-26,83.05,83.90
2024-06-27,83.12,83.97
2024-06-28,83.00,83.85
2024-06-29,83.00,83.85
2024-07-01,82.99,83.84
2024-07-02,83.11,83.96
2024-07-03,83.12,83.97
2024-07-04,83.13,83.98
2024-07-05,83.06,83.91
2024-07-06,83.06,83.91
2024-07-08,83.05,83.90
2024-07-09,83.08,83.93
2024-07-10,83.10,83.95
2024-07-11,83.10,83.95
2024-07-12,83.14,83.99
2024-07-15,83.14,83.99
2024-07-16,83.19,84.04
2024-07-18,83.18,84.03
2024-07-19,83.23,84.08
2024-07-20,83.30,84.15
2024-07-22,83.27,84.12
2024-07-23,83.24,84.09
2024-07-24,83.29,84.14
2024-07-25,83.31,84.16
2024-07-26,83.33,84.18
2024-07-29,83.31,84.16
2024-07-30,83.33,84.18
2024-07-31,83.32,84.17
2024-08-01,83.28,84.13
2024-08-02,83.33,84.18
2024-08-03,83.35,84.20
2024-08-05,83.40,84.25
2024-08-06,83.46,84.31
2024-08-07,83.48,84.33
2024-08-08,83.54,84.39
2024-08-09,83.55,84.40
2024-08-12,83.55,84.40
2024-08-13,83.55,84.40
2024-08-14,83.51,84.36
2024-08-16,83.54,84.39
2024-08-17,83.50,84.35
2024-08-19,83.49,84.34
2024-08-20,83.46,84.31
2024-08-21,83.41,84.26
2024-08-22,83.53,84.38
2024-08-23,83.53,84.38
2024-08-26,83.42,84.27
2024-08-27,83.53,84.38
2024-08-28,83.54,84.39
2024-08-29,83.52,84.37
2024-08-30,83.44,84.29
2024-08-31,83.50,84.35
2024-09-02,83.47,84.32
2024-09-03,83.53,84.38
2024-09-04,83.55,84.40
2024-09-05,83.57,84.42
2024-09-09,83.56,84.41
2024-09-10,83.55,84.40
2024-09-11,83.56,84.41
2024-09-12,83.57,84.42
2024-09-13,83.52,84.37
2024-09-16,83.49,84.34
2024-09-17,83.47,84.32
2024-09-19,83.25,84.10
2024-09-20,83.10,83.95
2024-09-21,83.10,83.95
2024-09-23,83.05,83.90
2024-09-24,83.20,84.05
2024-09-25,83.18,84.03
2024-09-26,83.25,84.10
2024-09-27,83.25,84.10
2024-09-30,83.30,84.15
2024-10-01,83.41,84.26
2024-10-03,83.51,84.36
2024-10-04,83.55,84.40
2024-10-05,83.60,84.45
2024-10-07,83.56,84.41
2024-10-08,83.57,84.42
2024-10-09,83.53,84.38
2024-10-10,83.55,84.40
2024-10-11,83.56,84.41
2024-10-14,83.66,84.51
2024-10-15,83.66,84.51
2024-10-16,83.65,84.50
2024-10-17,83.62,84.47
2024-10-18,83.66,84.51
2024-10-19,83.66,84.51
2024-10-21,83.65,84.50
2024-10-22,83.67,84.52
2024-10-23,83.67,84.52
2024-10-24,83.66,84.51
2024-10-25,83.67,84.52
2024-10-28,83.68,84.53
2024-10-29,83.68,84.53
2024-10-30,83.67,84.52
2024-10-31,83.68,84.53
2024-11-04,83.67,84.52
2024-11-05,83.70,84.55
2024-11-06,83.75,84.60
2024-11-07,83.86,84.71
2024-11-08,83.95,84.80
2024-11-11,83.98,84.83
2024-11-12,83.99,84.84
2024-11-13,84.00,84.85
2024-11-14,84.00,84.85
2024-11-18,84.00,84.85
2024-11-19,84.00,84.85
2024-11-21,84.01,84.86
2024-11-22,84.09,84.94
2024-11-25,83.95,84.8
2024-11-26,83.9,84.75
2024-11-27,84.00,84.85
2024-11-28,84.05,84.9
2024-11-29,84.09,84.94
2024-11-30,84.15,85
2024-12-02,84.16,85.01
2024-12-03,84.25,85.1
2024-12-04,84.30,85.15
2024-12-05,84.32,85.17
2024-12-06,84.25,85.1
2024-12-07,84.27,85.12
2024-12-09,84.32,85.17
2024-12-10,84.38,85.23
2024-12-11,84.45,85.3
2024-12-12,84.45,85.3
2024-12-13,84.46,85.31
2024-12-16,84.42,85.27
2024-12-17,84.49,85.34
2024-12-18,84.51,85.36
2024-12-19,84.62,85.47
2024-12-20,84.55,85.4
2024-12-21,84.60,85.45
2024-12-23,84.60,85.45
2024-12-24,84.70,85.55
2024-12-26,84.85,85.7
2024-12-27,85.15,86
2024-12-30,85.10,85.95
2024-12-31,85.20,86.05
2025-01-01,85.22,86.07
2025-01-02,85.30,86.15
2025-01-03,85.38,86.23
2025-01-04,85.35,86.2
2025-01-06,85.38,86.23
2025-01-07,85.39,86.24
2025-01-08,85.4,86.25
2025-01-09,85.52,86.37
2025-01-10,85.48,86.33
2025-01-13,85.95,86.8
2025-01-14,86.25,87.1
2025-01-15,85.95,86.8
2025-01-16,86,86.85
2025-01-17,86.2,87.05
2025-01-18,86.2,87.05
2025-01-20,86.1,86.95
2025-01-21,86.1,86.95
2025-01-22,86,86.85
2025-01-23,86.05,86.9
2025-01-24,85.8,86.65
2025-01-27,85.95,86.8
2025-01-28,86.1,86.95
2025-01-29,86.2,87.05
2025-01-30,86.15,87
2025-01-31,86.2,87.05
2025-02-01,86.2,87.05
2025-02-03,86.8,87.65
2025-02-04,86.6,87.45
2025-02-05,87,87.85
2025-02-06,87.1,87.95
2025-02-07,87.05,87.9
2025-02-10,87.1,87.95
2025-02-11,86.35,87.2
2025-02-12,86.3,87.15
2025-02-13,86.4,87.25
2025-02-14,86.45,87.3
2025-02-15,86.3,87.15
2025-02-17,86.28,87.13
2025-02-18,86.5,87.35
2025-02-20,86.25,87.1
2025-02-21,86.3,87.15
2025-02-24,86.2,87.05
2025-02-25,86.7,87.55
2025-02-27,86.85,87.7
2025-02-28,86.95,87.8
2025-03-01,87.1,87.95
2025-03-03,86.95,87.8
2025-03-04,86.95,87.8
2025-03-05,86.65,87.5
2025-03-06,86.7,87.55
2025-03-07,86.5,87.35
2025-03-10,86.87,87.72
2025-03-11,86.98,87.83
2025-03-12,86.85,87.7
2025-03-13,86.75,87.6
2025-03-15,86.55,87.4
2025-03-17,86.5,87.35
2025-03-18,86.15,87
2025-03-19,86.25,87.1
2025-03-20,85.8,86.65
2025-03-21,85.6,86.45
2025-03-24,85.2,86.05
2025-03-25,85.3,86.15
2025-03-26,85.3,86.15
2025-03-27,85.5,86.35
2025-03-28,85.1,85.95
2025-03-29,85.1,85.95
2025-04-02,85.25,86.1
2025-04-03,85.15,86
2025-04-04,84.8,85.65
2025-04-05,85.1,85.95
2025-04-07,85.3,86.15
2025-04-08,85.7,86.55
2025-04-09,86.2,87.05
2025-04-11,85.7,86.55
2025-04-15,85.35,86.2
2025-04-16,85.2,86.05
2025-04-17,85.1,85.95
2025-04-19,85,85.85
2025-04-21,84.7,85.55
2025-04-22,84.75,85.6
2025-04-23,84.9,85.75
2025-04-24,85.2,86.05
2025-04-25,85.1,85.95
2025-04-28,84.65,85.5
2025-04-29,84.7,85.55
2025-04-30,84.25,85.1
2025-05-02,83.6,84.45
2025-05-03,84.1,84.95
2025-05-05,83.85,84.7
2025-05-06,83.85,84.7
2025-05-07,84.26,85.11
2025-05-08,84.85,85.7
2025-05-09,85.3,86.15
2025-05-13,85,85.85
2025-05-14,84.85,85.7
2025-05-15,85.1,85.95
2025-05-16,85,85.85
2025-05-17,85.1,85.95
2025-05-19,85.1,85.95
2025-05-20,85.1,85.95
2025-05-21,85.2,86.05
2025-05-22,85.6,86.45
2025-05-23,84.75,85.6
2025-05-26,84.6,85.45
2025-05-27,84.95,85.8
2025-05-28,85.2,86.05
2025-05-29,85.1,85.95
2025-05-30,84.9,85.75
2025-05-31,85.1,85.95
2025-06-02,85.1,85.95
2025-06-03,85.1,85.95
2025-06-04,85.5,86.35
2025-06-05,85.45,86.3
2025-06-06,85.5,86.35
2025-06-09,85.2,86.05
2025-06-10,85.2,86.05
2025-06-11,85.1,85.95
2025-06-12,85.05,85.9
2025-06-13,85.75,86.6
2025-06-16,85.6,86.45
2025-06-17,85.6,86.45
2025-06-18,85.95,86.8
2025-06-19,86.35,87.2
2025-06-20,86.2,87.05
2025-06-21,86.15,87
2025-06-23,86.35,87.2
2025-06-24,85.75,86.6
2025-06-25,85.6,86.45
2025-06-26,85.3,86.15
2025-06-27,85.1,85.95
2025-06-30,85.1,85.95
2025-07-01,85.2,86.05
2025-07-02,85.2,86.05
2025-07-03,84.9,85.75
2025-07-04,85,85.85
2025-07-05,85.1,85.95
2025-07-07,85.4,86.25
2025-07-08,85.3,86.15
2025-07-09,85.45,86.3
2025-07-10,85.2,86.05
2025-07-11,85.4,86.25
2025-07-14,85.6,86.45
2025-07-15,85.55,86.4
2025-07-16,85.6,86.45
2025-07-17,85.5,86.35
2025-07-18,85.6,86.45
2025-07-19,85.7,86.55
2025-07-21,85.9,86.75
2025-07-22,85.85,86.7
2025-07-23,86,86.85
2025-07-24,85.9,86.75
2025-07-25,86.15,87
2025-07-28,86.05,86.9
2025-07-29,86.4,87.25
2025-07-30,86.9,87.75
2025-07-31,87.15,88
2025-08-01,86.95,87.8
2025-08-02,86.85,87.7
2025-08-04,87.15,88
2025-08-05,87.45,88.3
2025-08-06,87.3,88.15
2025-08-07,87.3,88.15
2025-08-08,87.15,88
2025-08-11,87.1,87.95
2025-08-12,87.3,88.15
2025-08-13,87,87.85
2025-08-14,87.1,87.95
2025-08-16,87.1,87.95
2025-08-18,87.05,87.9
2025-08-19,86.6,87.45
2025-08-20,86.75,87.6
2025-08-21,86.6,87.45
2025-08-22,86.95,87.8
2025-08-25,87,87.85
2025-08-26,87.34,88.19
2025-08-28,87.12,87.97
2025-08-29,87.8,88.65
2025-08-30,87.7,88.55
2025-09-01,87.8,88.65
2025-09-02,87.7,88.55
2025-09-03,87.7,88.55
2025-09-04,87.7,88.55
2025-09-06,87.75,88.6
2025-09-08,87.6,88.45
2025-09-09,87.6,88.45
2025-09-10,87.75,88.6
2025-09-11,87.95,88.8
2025-09-12,87.95,88.8
2025-09-15,87.85,88.7
2025-09-16,87.65,88.5
2025-09-17,87.45,88.3
2025-09-18,87.55,88.4
2025-09-19,87.8,88.65
2025-09-20,87.7,88.55
2025-09-22,87.8,88.65
2025-09-23,88.2,89.05
2025-09-24,88.45,89.3
2025-09-25,88.3,89.15
2025-09-26,88.35,89.2
2025-09-29,88.25,89.1
2025-09-30,88.35,89.2
2025-10-01,88.4,89.25
2025-10-03,88.25,89.1
2025-10-04,88.3,89.15
2025-10-06,88.3,89.15
2025-10-07,88.35,89.2
2025-10-08,88.36,89.21
2025-10-09,88.35,89.2
2025-10-10,88.37,89.22
2025-10-13,88.35,89.2
2025-10-14,88.34,89.19
2025-10-15,87.7,88.55
2025-10-16,87.4,88.25
2025-10-17,87.4,88.25
2025-10-18,87.6,88.45
2025-10-20,87.5,88.35
2025-10-23,87.4,88.25
2025-10-24,87.4,88.25
2025-10-27,87.8,88.65
2025-10-28,87.9,88.75
2025-10-29,87.8,88.65
2025-10-30,88.2,89.05
2025-10-31,88.2,89.05
2025-11-01,88.3,89.15
2025-11-03,88.36,89.21
2025-11-04,88.09,88.94
2025-11-06,88.16,89.01
2025-11-07,88.25,89.1
2025-11-10,88.25,89.1
2025-11-11,88.25,89.1
2025-11-12,88.2,89.05
2025-11-13,88.25,89.1
2025-11-14,88.3,89.15
2025-11-15,88.31,89.16
2025-11-17,88.32,89.17
2025-11-18,88.25,89.1
2025-11-19,88.2,89.05
2025-11-20,88.2,89.05
2025-11-21,88.95,89.8
2025-11-24,88.75,89.6
2025-11-25,88.65,89.5
2025-11-26,88.8,89.65
2025-11-27,88.8,89.65
2025-11-28,89,89.85
2025-11-29,88.95,89.8
2025-12-01,89.3,90.15
2025-12-02,89.3,90.15
2025-12-03,89.7,90.55
2025-12-04,89.6,90.45
2025-12-05,89.44,90.29
2025-12-06,89.5,90.35
2025-12-08,89.65,90.5
2025-12-09,89.7,90.55
2025-12-10,89.45,90.3
2025-12-11,89.95,90.8
2025-12-12,90,90.85
2025-12-15,90.3,91.15
2025-12-16,90.6,91.45
2025-12-17,89.65,90.85
2025-12-18,89.75,90.6
2025-12-19,89.35,90.2
2025-12-20,89.15,90
2025-12-22,89.3,90.15
2025-12-23,89.25,90.1
2025-12-24,89.15,90
2025-12-26,89.45,90.3
2025-12-29,89.5,90.35
2025-12-30,89.5,90.35
2025-12-31,89.47,90.32
2026-01-01,89.5,90.35
2026-01-02,89.7,90.55
2026-01-03,89.6,90.45
2026-01-05,89.8,90.65
2026-01-06,89.82,90.67
2026-01-07,89.5,90.35
2026-01-08,89.6,90.45
2026-01-09,89.65,90.5
2026-01-12,89.8,90.65
2026-01-13,89.85,90.7
2026-01-14,89.75,90.6
2026-01-16,90.3,91.15
2026-01-17,90.35,91.2
2026-01-19,90.3,91.15
2026-01-20,90.5,91.35
2026-01-21,91.3,92.15
2026-01-22,91.1,91.95
2026-01-23,91.45,92.3
2026-01-27,91.35,92.2
2026-01-28,91.2,92.05
2026-01-29,91.58,92.43
2026-01-30,91.5,92.35
2026-01-31,91.35,92.2
2026-02-02,91.2,92.05
2026-02-03,89.75,90.6
2026-02-04,90,90.85
2026-02-05,90.05,90.9
2026-02-06,90.4,91.25
2026-02-07,90.2,91.05
2026-02-09,90.15,91
2026-02-10,90.25,91.1
2026-02-11,90.1,90.95
2026-02-12,90.1,90.95
2026-02-13,90.25,91.1
2026-02-16,90.2,91.05
2026-02-17,90.3,91.15
2026-02-18,90.2,91.05
2026-02-20,90.52,91.37
2026-02-21,90.35,91.2
2026-02-23,90.3,91.15
2026-02-24,90.53,91.38
2026-02-25,90.54,91.39
2026-02-26,90.45,91.3
2026-02-27,90.56,91.41
2026-03-02,90.95,91.8
2026-03-04,91.82,92.67
2026-03-05,91.2,92.05
2026-03-06,91.23,92.08
2026-03-07,91.5,92.35
2026-03-09,91.8,92.65
2026-03-10,91.35,92.2
2026-03-11,91.5,92.35
2026-03-12,91.9,92.75
2026-03-13,91.93,92.78
2026-03-16,92.03,92.88
2026-03-17,91.95,92.8
2026-03-18,92.15,93
2026-03-20,92.95,93.8
2026-03-23,93.45,94.3
2026-03-24,93.35,94.2
2026-03-25,93.55,94.4
2026-03-27,94.35,95.2
2026-03-30,94.25,95.75
2026-03-31,93.15,94.65
2026-04-02,92.15,93.65
2026-04-04,92.5,93.35
2026-04-06,92.15,93.65
2026-04-07,92.25,93.75
2026-04-08,91.9,93.4
2026-04-09,92.45,93.3
2026-04-10,92.4,93.25
2026-04-13,92.9,93.75
2026-04-15,92.95,93.8
2026-04-16,92.9,93.75
2026-04-17,92.5,93.35
2026-04-18,92.2,93.05
2026-04-20,92.8,93.65
2026-04-21,93.08,93.93
2026-04-22,93.3,94.15
2026-04-23,93.65,94.5
2026-04-24,93.85,94.7
2026-04-27,93.9,94.75
2026-04-28,94.05,94.9
2026-04-29,94.35,95.2
2026-04-30,94.6,95.45
2026-05-02,94.5,95.35
2026-05-04,94.55,95.4
2026-05-05,94.9,95.75
2026-05-06,94.25,95.1
2026-05-07,93.7,94.55
2026-05-08,94,94.85
2026-05-11,94.8,95.65
2026-05-12,95.25,96.1
2026-05-13,95.2,96.05
2026-05-14,95.3,96.15
2026-05-15,95.6,96.45
2026-05-16,95.55,96.4
2026-05-18,95.78,96.63
2026-05-19,96.1,96.95
2026-05-20,96.45,97.3
2026-05-21,95.95,96.8
2026-05-22,95.45,96.3
2026-05-25,94.95,95.8
2026-05-26,95.3,96.15
2026-05-27,95.35,96.2
2026-05-28,95.3,96.15
2026-05-29,94.6,95.45
2026-05-30,94.6,95.45
2026-06-01,94.4,95.25
2026-06-02,94.8,95.65
2026-06-03,95.2,96.05
2026-06-04,95.3,96.15
2026-06-05,94.55,95.4
2026-06-06,94.55,95.4
2026-06-08,95.3,96.15
2026-06-09,95.05,95.9
2026-06-10,94.85,95.7
2026-06-11,95.15,96
2026-06-12,94.75,95.6
2026-06-15,94.3,95.15
2026-06-16,94.2,95.05
2026-06-17,94.05,94.9
2026-06-18,93.85,94.7
2026-06-19,93.95,94.8
2026-06-20,93.9,94.75
2026-06-22,94.2,95.05
2026-06-23,94.3,95.15
2026-06-24,94.5,95.35
2026-06-25,94,94.85
2026-06-29,93.95,94.8
2026-07-01,94.6,95.45
2026-07-02,94.8,95.65
2026-07-03,94.75,95.6
2026-07-04,94.7,95.55
2026-07-06,94.82,95.67
2026-07-07,94.5,95.35
2026-07-08,94.75,95.6
2026-07-09,95,95.85
2026-07-10,94.86,95.71
2026-07-13,95.32,96.17
2026-07-14,95.7,96.55
2026-07-16,95.86,96.71
2026-07-17,95.9,96.75
2026-07-18,95.87,96.72
2026-07-20,96,96.85
2026-07-21,95.8,96.65
2026-07-22,95.95,96.8
2026-07-23,96.1,96.95
2026-07-24,96,96.85
2026-07-27,95.55,96.4
2026-07-28,95.34,96.19
2026-07-29,95.15,96
2026-07-30,95.2,96.05
2026-07-31,95,95.85
2026-08-01,95.03,95.88
2026-08-03,94.9,95.75
2026-08-04,94.96,95.81
2026-08-05,94.75,95.6
2026-08-06,94.72,95.57
2026-08-07,94.9,95.75
2026-08-10,94.75,95.6
2026-08-11,94.95,95.8
2026-08-12,95.01,95.86
2026-08-13,95.01,95.86
2026-08-14,95,95.85
2026-08-17,95.1,95.95
2026-08-18,95.25,96.1
2026-08-19,95.3,96.15
2026-08-20,95.2,96.05
2026-08-21,95.3,96.15
2026-08-24,95.26,96.11
2026-08-25,95.23,96.08
2026-08-27,95.06,95.91
2026-08-28,95.1,95.95
2026-08-29,95,95.85
2026-08-31,94.9,95.75
2026-09-01,94.5,95.35
2026-09-02,94.6,95.45
2026-09-03,93.95,94.8
2026-09-04,94.13,94.98
2026-09-05,94.03,94.88
2026-09-07,94,94.85
2026-09-08,94.32,95.17
2026-09-09,94.7,95.55
2026-09-10,95,95.85
2026-09-11,95.3,96.15
2026-09-15,95.35,96.2
2026-09-16,95.5,96.35
2026-09-17,95.5,96.35
2026-09-18,95.38,96.23
2026-09-19,95.55,96.4
2026-09-21,95.35,96.2
2026-09-22,95.25,96.1
2026-09-23,95.2,96.05
2026-09-24,95.45,96.3
2026-09-25,95.5,96.35
2026-09-27,95.4,96.25
2026-09-28,95.5,96.35
2026-09-29,95.66,96.51
2026-09-30,95.42,96.27
2026-10-01,95.75,96.6
2026-10-03,95.75,96.6
2026-10-05,95.85,96.7
2026-10-06,95.91,96.76
2026-10-07,96.2,97.05
