month,rate
1946-01,3
1946-02,3
1946-03,3
1946-04,3
1946-05,3
1946-06,3
1946-07,3
1946-08,3
1946-09,3
1946-10,3
1946-11,3
1946-12,3
1947-01,3
1947-02,3
1947-03,3
1947-04,3
1947-05,3
1947-06,3
1947-07,3
1947-08,3
1947-09,3
1947-10,3
1947-11,3
1947-12,3
1948-01,3
1948-02,3
1948-03,3
1948-04,3
1948-05,3
1948-06,3
1948-07,3
1948-08,3
1948-09,3
1948-10,3
1948-11,3
1948-12,3
1949-01,3
1949-02,3
1949-03,3
1949-04,3
1949-05,3
1949-06,3
1949-07,3
1949-08,3
1949-09,3
1949-10,3
1949-11,3
1949-12,3
1950-01,3
1950-02,3
1950-03,3
1950-04,3
1950-05,3
1950-06,3
1950-07,3
1950-08,3
1950-09,3
1950-10,3
1950-11,3
1950-12,3
1951-01,3
1951-02,3
1951-03,3
1951-04,3
1951-05,3
1951-06,3
1951-07,3
1951-08,3
1951-09,3
1951-10,3
1951-11,3.5
1951-12,3.5
1952-01,3.5
1952-02,3.5
1952-03,3.5
1952-04,3.5
1952-05,3.5
1952-06,3.5
1952-07,3.5
1952-08,3.5
1952-09,3.5
1952-10,3.5
1952-11,3.5
1952-12,3.5
1953-01,3.5
1953-02,3.5
1953-03,3.5
1953-04,3.5
1953-05,3.5
1953-06,3.5
1953-07,3.5
1953-08,3.5
1953-09,3.5
1953-10,3.5
1953-11,3.5
1953-12,3.5
1954-01,3.5
1954-02,3.5
1954-03,3.5
1954-04,3.5
1954-05,3.5
1954-06,3.5
1954-07,3.5
1954-08,3.5
1954-09,3.5
1954-10,3.5
1954-11,3.5
1954-12,3.5
1955-01,3.5
1955-02,3.5
1955-03,3.5
1955-04,3.5
1955-05,3.5
1955-06,3.5
1955-07,3.5
1955-08,3.5
1955-09,3.5
1955-10,3.5
1955-11,3.5
1955-12,3.5
1956-01,3.5
1956-02,3.5
1956-03,3.5
1956-04,3.5
1956-05,3.5
1956-06,3.5
1956-07,3.5
1956-08,3.5
1956-09,3.5
1956-10,3.5
1956-11,3.5
1956-12,3.5
1957-01,3.5
1957-02,3.5
1957-03,3.5
1957-04,3.5
1957-05,4
1957-06,4
1957-07,4
1957-08,4
1957-09,4
1957-10,4
1957-11,4
1957-12,4
1958-01,4
1958-02,4
1958-03,4
1958-04,4
1958-05,4
1958-06,4
1958-07,4
1958-08,4
1958-09,4
1958-10,4
1958-11,4
1958-12,4
1959-01,4
1959-02,4
1959-03,4
1959-04,4
1959-05,4
1959-06,4
1959-07,4
1959-08,4
1959-09,4
1959-10,4
1959-11,4
1959-12,4
1960-01,4
1960-02,4
1960-03,4
1960-04,4
1960-05,4
1960-06,4
1960-07,4
1960-08,4
1960-09,4
1960-10,4
1960-11,4
1960-12,4
1961-01,4
1961-02,4
1961-03,4
1961-04,4
1961-05,4
1961-06,4
1961-07,4
1961-08,4
1961-09,4
1961-10,4
1961-11,4
1961-12,4
1962-01,4
1962-02,4
1962-03,4
1962-04,4
1962-05,4
1962-06,4
1962-07,4
1962-08,4
1962-09,4
1962-10,4
1962-11,4
1962-12,4
1963-01,4.5
1963-02,4.5
1963-03,4.5
1963-04,4.5
1963-05,4.5
1963-06,4.5
1963-07,4.5
1963-08,4.5
1963-09,4.5
1963-10,4.5
1963-11,4.5
1963-12,4.5
1964-01,4.5
1964-02,4.5
1964-03,4.5
1964-04,4.5
1964-05,4.5
1964-06,4.5
1964-07,4.5
1964-08,4.5
1964-09,5
1964-10,5
1964-11,5
1964-12,5
1965-01,5
1965-02,6
1965-03,6
1965-04,6
1965-05,6
1965-06,6
1965-07,6
1965-08,6
1965-09,6
1965-10,6
1965-11,6
1965-12,6
1966-01,6
1966-02,6
1966-03,6
1966-04,6
1966-05,6
1966-06,6
1966-07,6
1966-08,6
1966-09,6
1966-10,6
1966-11,6
1966-12,6
1967-01,6
1967-02,6
1967-03,6
1967-04,6
1967-05,6
1967-06,6
1967-07,6
1967-08,6
1967-09,6
1967-10,6
1967-11,6
1967-12,6
1968-01,6
1968-02,6
1968-03,5
1968-04,5
1968-05,5
1968-06,5
1968-07,5
1968-08,5
1968-09,5
1968-10,5
1968-11,5
1968-12,5
1969-01,5
1969-02,5
1969-03,5
1969-04,5
1969-05,5
1969-06,5
1969-07,5
1969-08,5
1969-09,5
1969-10,5
1969-11,5
1969-12,5
1970-01,5
1970-02,5
1970-03,5
1970-04,5
1970-05,5
1970-06,5
1970-07,5
1970-08,5
1970-09,5
1970-10,5
1970-11,5
1970-12,5
1971-01,6
1971-02,6
1971-03,6
1971-04,6
1971-05,6
1971-06,6
1971-07,6
1971-08,6
1971-09,6
1971-10,6
1971-11,6
1971-12,6
1972-01,6
1972-02,6
1972-03,6
1972-04,6
1972-05,6
1972-06,6
1972-07,6
1972-08,6
1972-09,6
1972-10,6
1972-11,6
1972-12,6
1973-01,6
1973-02,6
1973-03,6
1973-04,6
1973-05,7
1973-06,7
1973-07,7
1973-08,7
1973-09,7
1973-10,7
1973-11,7
1973-12,7
1974-01,7
1974-02,7
1974-03,7
1974-04,7
1974-05,7
1974-06,7
1974-07,9
1974-08,9
1974-09,9
1974-10,9
1974-11,9
1974-12,9
1975-01,9
1975-02,9
1975-03,9
1975-04,9
1975-05,9
1975-06,9
1975-07,9
1975-08,9
1975-09,9
1975-10,9
1975-11,9
1975-12,9
1976-01,9
1976-02,9
1976-03,9
1976-04,9
1976-05,9
1976-06,9
1976-07,9
1976-08,9
1976-09,9
1976-10,9
1976-11,9
1976-12,9
1977-01,9
1977-02,9
1977-03,9
1977-04,9
1977-05,9
1977-06,9
1977-07,9
1977-08,9
1977-09,9
1977-10,9
1977-11,9
1977-12,9
1978-01,9
1978-02,9
1978-03,9
1978-04,9
1978-05,9
1978-06,9
1978-07,9
1978-08,9
1978-09,9
1978-10,9
1978-11,9
1978-12,9
1979-01,9
1979-02,9
1979-03,9
1979-04,9
1979-05,9
1979-06,9
1979-07,9
1979-08,9
1979-09,9
1979-10,9
1979-11,9
1979-12,9
1980-01,9
1980-02,9
1980-03,9
1980-04,9
1980-05,9
1980-06,9
1980-07,9
1980-08,9
1980-09,9
1980-10,9
1980-11,9
1980-12,9
1981-01,9
1981-02,9
1981-03,9
1981-04,9
1981-05,9
1981-06,9
1981-07,10
1981-08,10
1981-09,10
1981-10,10
1981-11,10
1981-12,10
1982-01,10
1982-02,10
1982-03,10
1982-04,10
1982-05,10
1982-06,10
1982-07,10
1982-08,10
1982-09,10
1982-10,10
1982-11,10
1982-12,10
1983-01,10
1983-02,10
1983-03,10
1983-04,10
1983-05,10
1983-06,10
1983-07,10
1983-08,10
1983-09,10
1983-10,10
1983-11,10
1983-12,10
1984-01,10
1984-02,10
1984-03,10
1984-04,10
1984-05,10
1984-06,10
1984-07,10
1984-08,10
1984-09,10
1984-10,10
1984-11,10
1984-12,10
1985-01,10
1985-02,10
1985-03,10
1985-04,10
1985-05,10
1985-06,10
1985-07,10
1985-08,10
1985-09,10
1985-10,10
1985-11,10
1985-12,10
1986-01,10
1986-02,10
1986-03,10
1986-04,10
1986-05,10
1986-06,10
1986-07,10
1986-08,10
1986-09,10
1986-10,10
1986-11,10
1986-12,10
1987-01,10
1987-02,10
1987-03,10
1987-04,10
1987-05,10
1987-06,10
1987-07,10
1987-08,10
1987-09,10
1987-10,10
1987-11,10
1987-12,10
1988-01,10
1988-02,10
1988-03,10
1988-04,10
1988-05,10
1988-06,10
1988-07,10
1988-08,10
1988-09,10
1988-10,10
1988-11,10
1988-12,10
1989-01,10
1989-02,10
1989-03,10
1989-04,10
1989-05,10
1989-06,10
1989-07,10
1989-08,10
1989-09,10
1989-10,10
1989-11,10
1989-12,10
1990-01,10
1990-02,10
1990-03,10
1990-04,10
1990-05,10
1990-06,10
1990-07,10
1990-08,10
1990-09,10
1990-10,10
1990-11,10
1990-12,10
1991-01,10
1991-02,10
1991-03,10
1991-04,10
1991-05,10
1991-06,10
1991-07,11
1991-08,11
1991-09,11
1991-10,12
1991-11,12
1991-12,12
1992-01,12
1992-02,12
1992-03,12
1992-04,12
1992-05,12
1992-06,12
1992-07,12
1992-08,12
1992-09,12
1992-10,12
1992-11,12
1992-12,12
1993-01,12
1993-02,12
1993-03,12
1993-04,12
1993-05,12
1993-06,12
1993-07,12
1993-08,12
1993-09,12
1993-10,12
1993-11,12
1993-12,12
1994-01,12
1994-02,12
1994-03,12
1994-04,12
1994-05,12
1994-06,12
1994-07,12
1994-08,12
1994-09,12
1994-10,12
1994-11,12
1994-12,12
1995-01,12
1995-02,12
1995-03,12
1995-04,12
1995-05,12
1995-06,12
1995-07,12
1995-08,12
1995-09,12
1995-10,12
1995-11,12
1995-12,12
1996-01,12
1996-02,12
1996-03,12
1996-04,12
1996-05,12
1996-06,12
1996-07,12
1996-08,12
1996-09,12
1996-10,12
1996-11,12
1996-12,12
1997-01,12
1997-02,12
1997-03,12
1997-04,11
1997-05,11
1997-06,10
1997-07,10
1997-08,10
1997-09,10
1997-10,9
1997-11,9
1997-12,9
1998-01,11
1998-02,11
1998-03,10.5
1998-04,9
1998-05,9
1998-06,9
1998-07,9
1998-08,9
1998-09,9
1998-10,9
1998-11,9
1998-12,9
1999-01,9
1999-02,9
1999-03,8
1999-04,8
1999-05,8
1999-06,8
1999-07,8
1999-08,8
1999-09,8
1999-10,8
1999-11,8
1999-12,8
2000-01,8
2000-02,8
2000-03,8
2000-04,7
2000-05,7
2000-06,7
2000-07,8
2000-08,8
2000-09,8
2000-10,8
2000-11,8
2000-12,8
2001-01,8
2001-02,7.5
2001-03,7
2001-04,8.75
2001-05,8.75
2001-06,8.5
2001-07,8.5
2001-08,8.5
2001-09,8.5
2001-10,8.5
2001-11,8.5
2001-12,8.5
2002-01,8.5
2002-02,8.5
2002-03,8
2002-04,8
2002-05,8
2002-06,8
2002-07,8
2002-08,8
2002-09,8
2002-10,8
2002-11,7.5
2002-12,7.5
2003-01,7.5
2003-02,7.5
2003-03,7
2003-04,7
2003-05,7
2003-06,7
2003-07,7
2003-08,7
2003-09,7
2003-10,7
2003-11,7
2003-12,7
2004-01,7
2004-02,7
2004-03,6
2004-04,6
2004-05,6
2004-06,6
2004-07,6
2004-08,6
2004-09,6
2004-10,6
2004-11,6
2004-12,6
2005-01,6
2005-02,6
2005-03,6
2005-04,6
2005-05,6
2005-06,6
2005-07,6
2005-08,6
2005-09,6
2005-10,6.25
2005-11,6.25
2005-12,6.25
2006-01,6.5
2006-02,6.5
2006-03,6.5
2006-04,6.5
2006-05,6.5
2006-06,6.75
2006-07,7
2006-08,7
2006-09,7
2006-10,7.25
2006-11,7.25
2006-12,7.25
2007-01,7.5
2007-02,7.5
2007-03,7.5
2007-04,7.75
2007-05,7.75
2007-06,7.75
2007-07,7.75
2007-08,7.75
2007-09,7.75
2007-10,7.75
2007-11,7.75
2007-12,7.75
2008-01,7.75
2008-02,7.75
2008-03,7.75
2008-04,7.75
2008-05,7.75
2008-06,8.5
2008-07,9
2008-08,9
2008-09,9
2008-10,8
2008-11,7.5
2008-12,6.5
2009-01,5.5
2009-02,5.5
2009-03,5
2009-04,4.75
2009-05,4.75
2009-06,4.75
2009-07,4.75
2009-08,4.75
2009-09,4.75
2009-10,4.75
2009-11,4.75
2009-12,4.75
2010-01,4.75
2010-02,4.75
2010-03,5
2010-04,5.25
2010-05,5.25
2010-06,5.25
2010-07,5.75
2010-08,5.75
2010-09,6
2010-10,6
2010-11,6.25
2010-12,6.25
2011-01,6.5
2011-02,6.5
2011-03,6.75
2011-04,6.75
2011-05,7.25
2011-06,7.5
2011-07,8
2011-08,8
2011-09,8.25
2011-10,8.5
2011-11,8.5
2011-12,8.5
2012-01,8.5
2012-02,8.5
2012-03,8.5
2012-04,8
2012-05,8
2012-06,8
2012-07,8
2012-08,8
2012-09,8
2012-10,8
2012-11,8
2012-12,8
2013-01,7.75
2013-02,7.75
2013-03,7.5
2013-04,7.5
2013-05,7.25
2013-06,7.25
2013-07,7.25
2013-08,7.25
2013-09,7.5
2013-10,7.75
2013-11,7.75
2013-12,7.75
2014-01,8
2014-02,8
2014-03,8
2014-04,8
2014-05,8
2014-06,8
2014-07,8
2014-08,8
2014-09,8
2014-10,8
2014-11,8
2014-12,8
2015-01,7.75
2015-02,7.75
2015-03,7.5
2015-04,7.5
2015-05,7.5
2015-06,7.25
2015-07,7.25
2015-08,7.25
2015-09,6.75
2015-10,6.75
2015-11,6.75
2015-12,6.75
2016-01,6.75
2016-02,6.75
2016-03,6.75
2016-04,6.5
2016-05,6.5
2016-06,6.5
2016-07,6.5
2016-08,6.5
2016-09,6.5
2016-10,6.25
2016-11,6.25
2016-12,6.25
2017-01,6.25
2017-02,6.25
2017-03,6.25
2017-04,6.25
2017-05,6.25
2017-06,6.25
2017-07,6.25
2017-08,6
2017-09,6
2017-10,6
2017-11,6
2017-12,6
2018-01,6
2018-02,6
2018-03,6
2018-04,6
2018-05,6
2018-06,6.25
2018-07,6.25
2018-08,6.5
2018-09,6.5
2018-10,6.5
2018-11,6.5
2018-12,6.5
2019-01,6.5
2019-02,6.25
2019-03,6.25
2019-04,6
2019-05,6
2019-06,5.75
2019-07,5.75
2019-08,5.4
2019-09,5.4
2019-10,5.15
2019-11,5.15
2019-12,5.15
2020-01,5.15
2020-02,5.15
2020-03,4.4
2020-04,4.4
2020-05,4
2020-06,4
2020-07,4
2020-08,4
2020-09,4
2020-10,4
2020-11,4
2020-12,4
2021-01,4
2021-02,4
2021-03,4
2021-04,4
2021-05,4
2021-06,4
2021-07,4
2021-08,4
2021-09,4
2021-10,4
2021-11,4
2021-12,4
2022-01,4
2022-02,4
2022-03,4
2022-04,4
2022-05,4.4
2022-06,4.9
2022-07,4.9
2022-08,5.4
2022-09,5.9
2022-10,5.9
2022-11,5.9
2022-12,6.25
2023-01,6.25
2023-02,6.5
2023-03,6.5
2023-04,6.5
2023-05,6.5
2023-06,6.5
2023-07,6.5
2023-08,6.5
2023-09,6.5
2023-10,6.5
2023-11,6.5
2023-12,6.5
2024-01,6.5
2024-02,6.5
2024-03,6.5
2024-04,6.5
2024-05,6.5
2024-06,6.5
2024-07,6.5
2024-08,6.5
2024-09,6.5
2024-10,6.5
2024-11,6.5
2024-12,6.5
2025-01,6.5
2025-02,6.25
2025-03,6.25
2025-04,6
2025-05,6
2025-06,5.5
2025-07,5.5
2025-08,5.5
2025-09,5.5
2025-10,5.5
2025-11,5.5
2025-12,5.25
2026-01,5.25
2026-02,5.25
2026-03,5.25
2026-04,5.25
2026-05,5.25
2026-06,5.25
