month,index
1957-01,0.9640047665160908
1957-02,0.9640047665160908
1957-03,0.9640047665160908
1957-04,0.9830941286232982
1957-05,0.9902523887916878
1957-06,1.009341750898902
1957-07,1.009341750898902
1957-08,1.018886431952502
1957-09,1.026044692120898
1957-10,1.018886431952502
1957-11,1.026044692120898
1957-12,1.018886431952502
1958-01,0.9997970698452947
1958-02,0.9902523887916878
1958-03,0.9902523887916878
1958-04,0.9997970698452947
1958-05,1.018886431952502
1958-06,1.045134054228106
1958-07,1.071381676503709
1958-08,1.080926106935499
1958-09,1.090470787989106
1958-10,1.107173729211102
1958-11,1.100015469042706
1958-12,1.071381676503709
1959-01,1.054678484659895
1959-02,1.064223165713502
1959-03,1.054678484659895
1959-04,1.054678484659895
1959-05,1.071381676503709
1959-06,1.090470787989106
1959-07,1.116718410264703
1959-08,1.12626309131831
1959-09,1.116718410264703
1959-10,1.135807772371917
1959-11,1.135807772371917
1959-12,1.116718410264703
1960-01,1.100015469042706
1960-02,1.100015469042706
1960-03,1.090470787989106
1960-04,1.100015469042706
1960-05,1.107173729211102
1960-06,1.116718410264703
1960-07,1.135807772371917
1960-08,1.135807772371917
1960-09,1.12626309131831
1960-10,1.12626309131831
1960-11,1.116718410264703
1960-12,1.116718410264703
1961-01,1.107173729211102
1961-02,1.107173729211102
1961-03,1.116718410264703
1961-04,1.116718410264703
1961-05,1.116718410264703
1961-06,1.12626309131831
1961-07,1.145352202803706
1961-08,1.152510713593913
1961-09,1.152510713593913
1961-10,1.152510713593913
1961-11,1.152510713593913
1961-12,1.152510713593913
1962-01,1.145352202803706
1962-02,1.145352202803706
1962-03,1.145352202803706
1962-04,1.152510713593913
1962-05,1.162055394647513
1962-06,1.17159982507931
1962-07,1.188303016923117
1962-08,1.197847447354907
1962-09,1.197847447354907
1962-10,1.207392128408514
1962-11,1.197847447354907
1962-12,1.18114450613291
1963-01,1.17159982507931
1963-02,1.162055394647513
1963-03,1.17159982507931
1963-04,1.18114450613291
1963-05,1.188303016923117
1963-06,1.207392128408514
1963-07,1.216936809462121
1963-08,1.226481490515721
1963-09,1.233640001305928
1963-10,1.243184431737718
1963-11,1.243184431737718
1963-12,1.262273543223114
1964-01,1.262273543223114
1964-02,1.278976735066921
1964-03,1.288521165498718
1964-04,1.298065846552325
1964-05,1.324313468827922
1964-06,1.350561341725336
1964-07,1.388739564696129
1964-08,1.405442505918126
1964-09,1.43169037881554
1964-10,1.469868852408144
1964-11,1.469868852408144
1964-12,1.47702711257654
1965-01,1.48657179363014
1965-02,1.460324171354543
1965-03,1.43169037881554
1965-04,1.441235059869147
1965-05,1.450779490300936
1965-06,1.469868852408144
1965-07,1.512819415905744
1965-08,1.531908778012951
1965-09,1.550997889498348
1965-10,1.550997889498348
1965-11,1.558156400288555
1965-12,1.558156400288555
1966-01,1.558156400288555
1966-02,1.567700830720344
1966-03,1.567700830720344
1966-04,1.577245511773951
1966-05,1.629740756325152
1966-06,1.667919229917762
1966-07,1.694166852193359
1966-08,1.710869793415356
1966-09,1.720414474468963
1966-10,1.729959155522563
1966-11,1.749048267007966
1966-12,1.775295889283563
1967-01,1.775295889283563
1967-02,1.78484057033717
1967-03,1.801543511559167
1967-04,1.820632873666374
1967-05,1.856425176995578
1967-06,1.901761910756578
1967-07,1.918465102600385
1967-08,1.937554214085782
1967-09,1.928009533032182
1967-10,1.954257405929589
1967-11,1.947098895139389
1967-12,1.928009533032182
1968-01,1.982891198468593
1968-02,1.954257405929589
1968-03,1.918465102600385
1968-04,1.928009533032182
1968-05,1.911306591810185
1968-06,1.928009533032182
1968-07,1.918465102600385
1968-08,1.961415666097985
1968-09,1.973346517414992
1968-10,1.982891198468593
1968-11,1.939940384349182
1968-12,1.885058969534582
1969-01,1.873128118217575
1969-02,1.863583687785785
1969-03,1.873128118217575
1969-04,1.885058969534582
1969-05,1.906534251283378
1969-06,1.961415666097985
1969-07,1.973346517414992
1969-08,1.973346517414992
1969-09,1.973346517414992
1969-10,1.961415666097985
1969-11,1.951871235666189
1969-12,1.951871235666189
1970-01,1.951871235666189
1970-02,1.951871235666189
1970-03,1.973346517414992
1970-04,1.994821799163789
1970-05,2.016297080912586
1970-06,2.0401587835466
1970-07,2.0497034646002
1970-08,2.061634065295397
1970-09,2.071178746349004
1970-10,2.083109597666004
1970-11,2.083109597666004
1970-12,2.0497034646002
1971-01,2.028227932229593
1971-02,2.028227932229593
1971-03,2.028227932229593
1971-04,2.028227932229593
1971-05,2.028227932229593
1971-06,2.061634065295397
1971-07,2.095040198361201
1971-08,2.137991012480611
1971-09,2.159466294229408
1971-10,2.159466294229408
1971-11,2.171397145546415
1971-12,2.149921613175808
1972-01,2.137991012480611
1972-02,2.126060161163604
1972-03,2.137991012480611
1972-04,2.149921613175808
1972-05,2.159466294229408
1972-06,2.214347709044015
1972-07,2.259684693426819
1972-08,2.281159975175623
1972-09,2.293090826492623
1972-10,2.30263525692442
1972-11,2.314565857619616
1972-12,2.314565857619616
1973-01,2.314565857619616
1973-02,2.34797224130723
1973-03,2.381378374373034
1973-04,2.436259538565824
1973-05,2.512616485751039
1973-06,2.567497649943828
1973-07,2.677259978329415
1973-08,2.722597463955847
1973-09,2.734529568381907
1973-10,2.798954411141061
1973-11,2.853835575333851
1973-12,2.865767679759912
1974-01,2.908716739526641
1974-02,2.942124626945126
1974-03,3.030411172338288
1974-04,3.11869771773145
1974-05,3.240392150543096
1974-06,3.316749097728311
1974-07,3.428897345755486
1974-08,3.538662180359179
1974-09,3.681829889945138
1974-10,3.691376074729608
1974-11,3.648424508744766
1974-12,3.593543344551969
1975-01,3.593543344551969
1975-02,3.581611240125909
1975-03,3.538662180359179
1975-04,3.560135457133491
1975-05,3.603087023118334
1975-06,3.615019127544394
1975-07,3.572067561559551
1975-08,3.538662180359179
1975-09,3.517186397366761
1975-10,3.48378101616639
1975-11,3.471848911740329
1975-12,3.371630261921101
1976-01,3.285729636169528
1976-02,3.197440584558253
1976-03,3.152105605149935
1976-04,3.185510986350306
1976-05,3.197440584558253
1976-06,3.206986769342724
1976-07,3.273797531743468
1976-08,3.285729636169528
1976-09,3.328678695936258
1976-10,3.350154478928682
1976-11,3.371630261921101
1976-12,3.371630261921101
1977-01,3.383562366347161
1977-02,3.416967747547533
1977-03,3.438443530539957
1977-04,3.450373128747905
1977-05,3.505254292940694
1977-06,3.526730075933119
1977-07,3.581611240125909
1977-08,3.603087023118334
1977-09,3.648424508744766
1977-10,3.636492404318705
1977-11,3.636492404318705
1977-12,3.636492404318705
1978-01,3.581611240125909
1978-02,3.526730075933119
1978-03,3.538662180359179
1978-04,3.548205858925537
1978-05,3.560135457133491
1978-06,3.603087023118334
1978-07,3.636492404318705
1978-08,3.648424508744766
1978-09,3.703305672937556
1978-10,3.748643158563988
1978-11,3.748643158563988
1978-12,3.691376074729608
1979-01,3.660354106952713
1979-02,3.626948725752341
1979-03,3.660354106952713
1979-04,3.715235271145509
1979-05,3.736711054137927
1979-06,3.803524322756778
1979-07,3.891810868149939
1979-08,3.968167815335154
1979-09,4.001575702753639
1979-10,4.02304897952795
1979-11,4.056456866946429
1979-12,4.123267629347172
1980-01,4.089862248146801
1980-02,4.066000545512786
1980-03,4.111338031139225
1980-04,4.132813814131643
1980-05,4.211556680958447
1980-06,4.254505740725177
1980-07,4.342794792336452
1980-08,4.376200173536823
1980-09,4.431081337729613
1980-10,4.474032903714456
1980-11,4.528914067907246
1980-12,4.49789460634847
1981-01,4.528914067907246
1981-02,4.60765693473405
1981-03,4.629132717726474
1981-04,4.705489664911682
1981-05,4.772300427312426
1981-06,4.839113695931283
1981-07,4.927400241324444
1981-08,5.003757188509659
1981-09,5.025232971502077
1981-10,5.070570457128509
1981-11,5.092046240120927
1981-12,5.070570457128509
1982-01,5.058638352702449
1982-02,5.049094674136091
1982-03,5.037165075928137
1982-04,5.058638352702449
1982-05,5.092046240120927
1982-06,5.180332785514096
1982-07,5.268619330907257
1982-08,5.37838416551095
1982-09,5.390313763718904
1982-10,5.411789546711322
1982-11,5.466670710904112
1982-12,5.478600309112066
1983-01,5.454741112696165
1983-02,5.512008196530544
1983-03,5.533483979522969
1983-04,5.600294741923712
1983-05,5.743464957727777
1983-06,5.874703069105781
1983-07,5.962989614498943
1983-08,6.051278666110218
1983-09,6.106159830303008
1983-10,6.149108890069744
1983-11,6.182516777488222
1983-12,6.161040994495804
1984-01,6.206378480122236
1984-02,6.182516777488222
1984-03,6.149108890069744
1984-04,6.161040994495804
1984-05,6.194446375696176
1984-06,6.32568448707418
1984-07,6.447378919885821
1984-08,6.459308518093774
1984-09,6.492716405512253
1984-10,6.526121786712625
1984-11,6.557141248271413
1984-12,6.480784301086192
1985-01,6.480784301086192
1985-02,6.447378919885821
1985-03,6.459308518093774
1985-04,6.547597569705049
1985-05,6.612022412464203
1985-06,6.67883568108308
1985-07,6.779054330902276
1985-08,6.81245971210266
1985-09,6.822003390668979
1985-10,6.888816659287855
1985-11,6.943697823480645
1985-12,6.943697823480645
1986-01,6.931768225272731
1986-02,6.97710320468103
1986-03,7.031986875091927
1986-04,7.086868039284717
1986-05,7.175154584677891
1986-06,7.251511531863086
1986-07,7.363659779890262
1986-08,7.406611345875137
1986-09,7.451948831501543
1986-10,7.549781561679209
1986-11,7.626138508864404
1986-12,7.583186942879528
1987-01,7.583186942879528
1987-02,7.561711159887123
1987-03,7.561711159887123
1987-04,7.616592324079913
1987-05,7.747830435457898
1987-06,7.881454466477544
1987-07,7.979287196655144
1987-08,8.112911227674725
1987-09,8.21074395785239
1987-10,8.26562512204518
1987-11,8.32050628623797
1987-12,8.289486824679181
1988-01,8.299033009463671
1988-02,8.256081443478796
1988-03,8.299033009463671
1988-04,8.408795337849251
1988-05,8.497081883242426
1988-06,8.618776316054027
1988-07,8.761944025639991
1988-08,8.816827696050888
1988-09,8.883638458451658
1988-10,9.072143653664028
1988-11,9.126468437436224
1988-12,9.017818869891898
1989-01,8.963496592337809
1989-02,8.963496592337809
1989-03,9.017818869891898
1989-04,9.072143653664028
1989-05,9.180793221208354
1989-06,9.23511800498055
1989-07,9.343765066306769
1989-08,9.452414633851094
1989-09,9.561061695177313
1989-10,9.561061695177313
1989-11,9.561061695177313
1989-12,9.50673941762329
1990-01,9.452414633851094
1990-02,9.50673941762329
1990-03,9.615386478949509
1990-04,9.778358324047924
1990-05,9.887007891592249
1990-06,10.04997973669066
1990-07,10.26727636556121
1990-08,10.3216011493334
1990-09,10.37592593310553
1990-10,10.59322256197608
1990-11,10.75619440707449
1990-12,10.81051919084669
1991-01,10.97349103594504
1991-02,10.97349103594504
1991-03,10.91916875839102
1991-04,10.97349103594504
1991-05,11.08214060348943
1991-06,11.35376201613217
1991-07,11.62538342877485
1991-08,11.78835527387326
1991-09,12.00565190274387
1991-10,12.1143014702882
1991-11,12.22294853161441
1991-12,12.22294853161441
1992-01,12.38592037671283
1992-02,12.44024516048496
1992-03,12.44024516048496
1992-04,12.54889472802929
1992-05,12.7118665731277
1992-06,12.82051614067203
1992-07,13.14645983086886
1992-08,13.14645983086886
1992-09,13.20078461464099
1992-10,13.25510939841318
1992-11,13.25510939841318
1992-12,13.20078461464099
1993-01,13.09213755331477
1993-02,13.09213755331477
1993-03,13.20078461464099
1993-04,13.30943418218538
1993-05,13.3637564597394
1993-06,13.58105308860994
1993-07,13.74402743992647
1993-08,13.90699928502488
1993-09,14.0699711301233
1993-10,14.23294548143975
1993-11,14.39591732653817
1993-12,14.34159254276604
1994-01,14.28727026521195
1994-02,14.39591732653817
1994-03,14.50456689408249
1994-04,14.61321395540871
1994-05,14.77618830672523
1994-06,15.04780721314987
1994-07,15.26510384202041
1994-08,15.42807819333693
1994-09,15.64537482220754
1994-10,15.69969960597967
1994-11,15.80834666730589
1994-12,15.69969960597967
1995-01,15.69969960597967
1995-02,15.80834666730589
1995-03,15.91699623485022
1995-04,16.0256432961765
1995-05,16.29726470881918
1995-06,16.62321090523411
1995-07,17.00348188542118
1995-08,17.1121289467474
1995-09,17.22077600807362
1995-10,17.32942557561801
1995-11,17.43807263694423
1995-12,17.22077600807362
1996-01,17.1121289467474
1996-02,17.16645373051959
1996-03,17.32942557561801
1996-04,17.60104698826075
1996-05,17.81834361713129
1996-06,18.08996502977403
1996-07,18.4159087199708
1996-08,18.63320785505951
1996-09,18.68753263883164
1996-10,18.79617970015786
1996-11,18.95915154525628
1996-12,19.01347632902847
1997-01,19.01347632902847
1997-02,19.01347632902847
1997-03,19.0678011128006
1997-04,19.23077295789902
1997-05,19.12212339035469
1997-06,19.28509774167121
1997-07,19.44806958676956
1997-08,19.50239437054176
1997-09,19.61104143186798
1997-10,19.82834056695663
1997-11,19.88266535072882
1997-12,20.20860904092559
1998-01,20.86049892753729
1998-02,20.75185186621107
1998-03,20.64320229866674
1998-04,20.80617414376516
1998-05,21.13212034018003
1998-06,21.67536316546551
1998-07,22.32725305207721
1998-08,22.43590261962153
1998-09,22.81617109359049
1998-10,23.52238576397439
1998-11,23.79400717661713
1998-12,23.30508913510384
1999-01,22.81617109359049
1999-02,22.54454968094775
1999-03,22.49022489717562
1999-04,22.54454968094775
1999-05,22.76184881603647
1999-06,22.81617109359049
1999-07,23.0334677224611
1999-08,23.14211729000543
1999-09,23.30508913510384
1999-10,23.73968239284493
1999-11,23.79400717661713
1999-12,23.41373619643006
2000-01,23.41373619643006
2000-02,23.35941391887598
2000-03,23.57671054774652
2000-04,23.79400717661713
2000-05,23.90265674416146
2000-06,24.01130380548767
2000-07,24.17427565058609
2000-08,24.06562858925987
2000-09,24.119953373032
2000-10,24.39157478567474
2000-11,24.44589956944694
2000-12,24.22860043435822
2001-01,24.17427565058609
2001-02,24.06562858925987
2001-03,24.17427565058609
2001-04,24.33725000190261
2001-05,24.50022184700096
2001-06,24.8261680434159
2001-07,25.15210421495834
2001-08,25.31508357871107
2001-09,25.26077383224758
2001-10,25.42372813381919
2001-11,25.64104230621654
2001-12,25.47806294246381
2002-01,25.3694183873557
2002-02,25.31508357871107
2002-03,25.42372813381919
2002-04,25.47806294246381
2002-05,25.64104230621654
2002-06,25.85833141643277
2002-07,26.12995533529362
2002-08,26.29290963686522
2002-09,26.34724444550984
2002-10,26.45588900061795
2002-11,26.56453355572607
2002-12,26.29290963686522
2003-01,26.23859989040173
2003-02,26.29290963686522
2003-03,26.45588900061795
2003-04,26.78184772812342
2003-05,26.83615747458691
2003-06,26.99913683833965
2003-07,27.21642594855587
2003-08,27.10778139344776
2003-09,27.10778139344776
2003-10,27.32507050366398
2003-11,27.37940531230861
2003-12,27.27076075720049
2004-01,27.37940531230861
2004-02,27.37940531230861
2004-03,27.37940531230861
2004-04,27.37940531230861
2004-05,27.59669442252483
2004-06,27.81400859492219
2004-07,28.08563251378303
2004-08,28.35723137046275
2004-09,28.41156617910737
2004-10,28.57454554286011
2004-11,28.52021073421548
2004-12,28.30292162399926
2005-01,28.57454554286011
2005-02,28.52021073421548
2005-03,28.52021073421548
2005-04,28.73749984443171
2005-05,28.6288552893236
2005-06,28.73749984443171
2005-07,29.22643793568991
2005-08,29.33508249079803
2005-09,29.44372704590614
2005-10,29.76966071123048
2005-11,30.04128463009132
2005-12,29.87833032851972
2006-01,29.8239955198751
2006-02,29.8239955198751
2006-03,29.8239955198751
2006-04,30.07461733096648
2006-05,30.32523914205787
2006-06,30.82648276424064
2006-07,31.07710457533203
2006-08,31.07710457533203
2006-09,31.32772638642341
2006-10,31.82897000860625
2006-11,31.82897000860625
2006-12,31.82897000860625
2007-01,31.82897000860625
2007-02,32.07959181969763
2007-03,31.82897000860625
2007-04,32.07959181969763
2007-05,32.33021363078902
2007-06,32.58083544188041
2007-07,33.08207906406318
2007-08,33.33270087515456
2007-09,33.33270087515456
2007-10,33.58332268624595
2007-11,33.58332268624595
2007-12,33.58332268624595
2008-01,33.58332268624595
2008-02,33.83394449733733
2008-03,34.33518811952011
2008-04,34.58580993061149
2008-05,34.83643174170288
2008-06,35.08705355279426
2008-07,35.83891898606842
2008-08,36.34016260825119
2008-09,36.59078441934258
2008-10,37.09202804152535
2008-11,37.09202804152535
2008-12,36.84140623043396
2009-01,37.09202804152535
2009-02,37.09202804152535
2009-03,37.09202804152535
2009-04,37.59327166370812
2009-05,37.84389347479951
2009-06,38.34513709698228
2009-07,40.09948977462198
2009-08,40.60073339680481
2009-09,40.8513552078962
2009-10,41.35259883007897
2009-11,42.10446426335313
2009-12,42.35508607444451
2010-01,43.10695150771867
2010-02,42.6057078855359
2010-03,42.6057078855359
2010-04,42.6057078855359
2010-05,43.10695150771867
2010-06,43.60819512990144
2010-07,44.61068237426699
2010-08,44.61068237426699
2010-09,44.86130418535837
2010-10,45.36254780754114
2010-11,45.61316961863253
2010-12,46.36503505190669
2011-01,47.11690048518084
2011-02,46.36503505190669
2011-03,46.36503505190669
2011-04,46.61565686299807
2011-05,46.86627867408946
2011-06,47.36752229627223
2011-07,48.37000954063777
2011-08,48.62063135172916
2011-09,49.37249678500338
2011-10,49.62311859609477
2011-11,49.87374040718615
2011-12,49.65518764466561
2012-01,49.83002985468204
2012-02,50.09229316970668
2012-03,50.48568814224364
2012-04,51.18505698230936
2012-05,51.66587305985453
2012-06,52.27782079491203
2012-07,53.06461073998596
2012-08,53.72026902754756
2012-09,54.20108510509274
2012-10,54.59448007762971
2012-11,54.81303284015024
2012-12,54.90045394515845
2013-01,54.98801447776629
2013-02,55.35600310237849
2013-03,55.35600310237849
2013-04,55.77656153050673
2013-05,56.19711995863496
2013-06,57.45879524301965
2013-07,58.35248190279215
2013-08,59.08845915201655
2013-09,59.77186659772493
2013-10,60.35013443640125
2013-11,61.13868148914168
2013-12,60.19242502585316
2014-01,59.7192967942089
2014-02,59.7192967942089
2014-03,60.03471561530507
2014-04,60.50784384694933
2014-05,60.87583247156154
2014-06,61.3489607032058
2014-07,62.66320579110652
2014-08,63.24147362978284
2014-09,63.13633402275078
2014-10,63.13633402275078
2014-11,63.13633402275078
2014-12,62.76834539813858
2015-01,62.82091520165461
2015-02,62.92605480868667
2015-03,63.18890382626681
2015-04,63.45175284384695
2015-05,63.92488107549122
2015-06,64.66085832471562
2015-07,64.97627714581179
2015-08,65.60711478800414
2015-09,65.92253360910032
2015-10,66.29052223371252
2015-11,66.55337125129266
2015-12,66.29052223371252
2016-01,66.39566184074458
2016-02,66.23795243019649
2016-03,66.23795243019649
2016-04,66.92135987590487
2016-05,67.60476732161324
2016-06,68.39331437435368
2016-07,68.91901240951397
2016-08,68.91901240951397
2016-09,68.81387280248191
2016-10,69.07672182006205
2016-11,68.97158221303
2016-12,68.55102378490176
2017-01,68.49845398138573
2017-02,68.65616339193382
2017-03,68.76130299896588
2017-04,68.91901240951397
2017-05,69.07672182006205
2017-06,69.44471044467426
2017-07,70.54867631851086
2017-08,71.17951396070321
2017-09,71.07437435367115
2017-10,71.54750258531541
2017-11,72.33604963805585
2017-12,72.12577042399173
2018-01,71.96806101344365
2018-02,71.7052119958635
2018-03,71.75778179937953
2018-04,72.0732006204757
2018-05,72.44118924508791
2018-06,72.80917786970011
2018-07,73.49258531540849
2018-08,73.80800413650466
2018-09,73.7028645294726
2018-10,73.91314374353672
2018-11,74.01828335056878
2018-12,73.65029472595657
2019-01,73.38744570837643
2019-02,73.54515511892452
2019-03,73.80800413650466
2019-04,74.22856256463289
2019-05,74.64912099276112
2019-06,75.12224922440538
2019-07,75.80565667011376
2019-08,76.22621509824199
2019-09,76.64677352637022
2019-10,77.38275077559463
2019-11,78.11872802481903
2019-12,79.06498448810756
2020-01,78.9598448810755
2020-02,78.38157704239918
2020-03,78.11872802481903
2020-04,79.59068252326785
2020-05,79.3278335056877
2020-06,79.80096173733196
2020-07,80.90492761116857
2020-08,81.3254860392968
2020-09,82.21917269906929
2020-10,83.27056876938987
2020-11,83.53341778697002
2020-12,82.69230093071355
2021-01,82.16660289555326
2021-02,82.32431230610135
2021-03,82.42945191313341
2021-04,82.9551499482937
2021-05,84.32196483971045
2021-06,84.79509307135471
2021-07,85.42593071354706
2021-08,85.63620992761118
2021-09,85.79391933815926
2021-10,87.00302481902793
2021-11,87.63386246122028
2021-12,87.3184436401241
2022-01,87.10816442605999
2022-02,87.3184436401241
2022-03,88.15956049638057
2022-04,89.42123578076526
2022-05,90.26235263702172
2022-06,90.73548086866598
2022-07,91.15603929679422
2022-08,91.62916752843848
2022-09,92.15486556359877
2022-10,92.89084281282317
2022-11,92.78570320579111
2022-12,92.36514477766288
2023-01,92.78570320579111
2023-02,92.9434126163392
2023-03,93.15369183040332
2023-04,93.62682006204758
2023-05,94.09994829369184
2023-06,95.15134436401242
2023-07,97.93754395036195
2023-08,97.88497414684592
2023-09,96.78100827300932
2023-10,97.41184591520166
2023-11,97.93754395036195
2023-12,97.62212512926578
2024-01,97.51698552223372
2024-02,97.67469493278181
2024-03,97.67469493278181
2024-04,98.14782316442607
2024-05,98.67352119958636
2024-06,99.98776628748708
2024-07,101.4597207859359
2024-08,101.4597207859359
2024-09,102.0905584281282
2024-10,103.457373319545
2024-11,103.2996639089969
2024-12,102.7213960703206
2025-01,101.67
2025-02,101.32
2025-03,101.39
2025-04,101.58
2025-05,101.9
2025-06,102.51
2025-07,103.35
2025-08,103.74
2025-09,103.74
2025-10,103.74
2025-11,104.01
2025-12,104.1
2026-01,104.45
2026-02,104.57
2026-03,104.84
2026-04,105.12
2026-05,105.91
2026-06,107
2026-07,107.94
